url,name,price,screen_size,ssd,cpu,ram,os,gpu
https://www.amazon.com.tr/Lenovo-7235HS-FreeDOS-Gaming-83JC00DXTR/dp/B0F8J7MPLJ/ref=sr_1_2?dib=eyJ2IjoiMSJ9.bWePvi0tm_rT30TlA-0ySJGYd5KxJFvi8ya8yLbxmemVV1UPIMVTBxOOQqE8iLQkfDsW0VTI6Qq-Hvbq6IYoeL1g2q8SEwrNa9jRHV6g5OF6R16hDRX4NKxJFTclgxZ7RbKxxUUWzeOYOBwBGdvVIZJaWt4MO8tuq5MUJWrBnURGAExeK2siPIc3jKNh3KXZ2bQpReOGRIUVWTCY4WRrPu0o6y1fJsR5Azo0sYI0Q-Lv86MT-gZPNPNULW6nbSb9aRJWFJlMdv6MNszf26upINRm-pTFtHJgRIv2edRwauo.0vHYML87dxxBxERVjuJx3_k790dJQoZt69v-Uz3E9aA&dib_tag=se&keywords=laptop&qid=1754343386&sr=8-2,"Lenovo LOQ Ryzen 5 7235HS, 24GB RAM, 512GB SSD, 15.6"" FHD 144Hz Ekran, RTX 3050 6GB GDDR6 95W, FreeDOS, Gaming Laptop,83JC00DXTR",26999.0,15.6,512.0,ryzen 5,24,FreeDOS,rtx3050
https://www.amazon.com.tr/HP-Diz%C3%BCst%C3%BC-Bilgisayar-DDR5-5600-B9KM3EA/dp/B0F4DYTQCB/ref=sr_1_3?dib=eyJ2IjoiMSJ9.bWePvi0tm_rT30TlA-0ySJGYd5KxJFvi8ya8yLbxmemVV1UPIMVTBxOOQqE8iLQkfDsW0VTI6Qq-Hvbq6IYoeL1g2q8SEwrNa9jRHV6g5OF6R16hDRX4NKxJFTclgxZ7RbKxxUUWzeOYOBwBGdvVIZJaWt4MO8tuq5MUJWrBnURGAExeK2siPIc3jKNh3KXZ2bQpReOGRIUVWTCY4WRrPu0o6y1fJsR5Azo0sYI0Q-Lv86MT-gZPNPNULW6nbSb9aRJWFJlMdv6MNszf26upINRm-pTFtHJgRIv2edRwauo.0vHYML87dxxBxERVjuJx3_k790dJQoZt69v-Uz3E9aA&dib_tag=se&keywords=laptop&qid=1754343386&sr=8-3,"HP Victus Gaming Dizüstü Bilgisayar, 15,6 inç FHD IPS 144 Hz, AMD Ryzen™ 7 8845HS 5,1 GHz İşlemci, 16 GB DDR5-5600, 1 TB PCIe® NVMe™ M.2 SSD, NVIDIA® GeForce RTX™ 4050 6 GB GDDR6, FreeDos, B9KM3EA",34999.0,15.6,1024.0,m3,16,FreeDOS,rtx4050
https://www.amazon.com.tr/Aspire-Al15-31p-c22x-Celeron-N-4500-Notebook/dp/B0FG7VLDPQ/ref=sr_1_4?dib=eyJ2IjoiMSJ9.bWePvi0tm_rT30TlA-0ySJGYd5KxJFvi8ya8yLbxmemVV1UPIMVTBxOOQqE8iLQkfDsW0VTI6Qq-Hvbq6IYoeL1g2q8SEwrNa9jRHV6g5OF6R16hDRX4NKxJFTclgxZ7RbKxxUUWzeOYOBwBGdvVIZJaWt4MO8tuq5MUJWrBnURGAExeK2siPIc3jKNh3KXZ2bQpReOGRIUVWTCY4WRrPu0o6y1fJsR5Azo0sYI0Q-Lv86MT-gZPNPNULW6nbSb9aRJWFJlMdv6MNszf26upINRm-pTFtHJgRIv2edRwauo.0vHYML87dxxBxERVjuJx3_k790dJQoZt69v-Uz3E9aA&dib_tag=se&keywords=laptop&qid=1754343386&sr=8-4,Acer Aspire Lite Al15-31p-c22x Intel Celeron N-4500 8GB RAM 256 SSD UMA 15.6'' FHD W11 Notebook,8237.0,15.6,,celeron,8,Windows 11,integrated
https://www.amazon.com.tr/Lenovo-IdeaPad-i5-13420H-FreeDOS-83K1004ETR/dp/B0F8J9JT9D/ref=sr_1_5?dib=eyJ2IjoiMSJ9.bWePvi0tm_rT30TlA-0ySJGYd5KxJFvi8ya8yLbxmemVV1UPIMVTBxOOQqE8iLQkfDsW0VTI6Qq-Hvbq6IYoeL1g2q8SEwrNa9jRHV6g5OF6R16hDRX4NKxJFTclgxZ7RbKxxUUWzeOYOBwBGdvVIZJaWt4MO8tuq5MUJWrBnURGAExeK2siPIc3jKNh3KXZ2bQpReOGRIUVWTCY4WRrPu0o6y1fJsR5Azo0sYI0Q-Lv86MT-gZPNPNULW6nbSb9aRJWFJlMdv6MNszf26upINRm-pTFtHJgRIv2edRwauo.0vHYML87dxxBxERVjuJx3_k790dJQoZt69v-Uz3E9aA&dib_tag=se&keywords=laptop&qid=1754343386&sr=8-5,"Lenovo IdeaPad Slim 3 i5-13420H, 8GB RAM, 512GB SSD, 15.3"" WUXGA, FreeDOS Laptop, 83K1004ETR",16999.0,15.3,512.0,i5,8,FreeDOS,integrated
https://www.amazon.com.tr/ASUS-Vivobook-X1502VA-NJ869-Bilgisayar%C4%B1-i5-13420H/dp/B0DXQ35H1M/ref=sr_1_6?dib=eyJ2IjoiMSJ9.bWePvi0tm_rT30TlA-0ySJGYd5KxJFvi8ya8yLbxmemVV1UPIMVTBxOOQqE8iLQkfDsW0VTI6Qq-Hvbq6IYoeL1g2q8SEwrNa9jRHV6g5OF6R16hDRX4NKxJFTclgxZ7RbKxxUUWzeOYOBwBGdvVIZJaWt4MO8tuq5MUJWrBnURGAExeK2siPIc3jKNh3KXZ2bQpReOGRIUVWTCY4WRrPu0o6y1fJsR5Azo0sYI0Q-Lv86MT-gZPNPNULW6nbSb9aRJWFJlMdv6MNszf26upINRm-pTFtHJgRIv2edRwauo.0vHYML87dxxBxERVjuJx3_k790dJQoZt69v-Uz3E9aA&dib_tag=se&keywords=laptop&qid=1754343386&sr=8-6,"ASUS Vivobook 15 X1502VA-NJ869 Dizüstü Bilgisayarı, Intel Core i5-13420H İşlemci, 8 GB DDR4 SDRAM, 512 GB M.2 NVMe SSD, Intel® HD Grafik Kartı, 15.6 inç Full HD Ekran, Free Dos",15899.0,15.6,512.0,i5,8,FreeDOS,integrated
https://www.amazon.com.tr/ASUS-FA507NUR-LP167-Diz%C3%BCst%C3%BC-Bilgisayar%C4%B1-Processor/dp/B0F5JRR7YS/ref=sr_1_8?dib=eyJ2IjoiMSJ9.bWePvi0tm_rT30TlA-0ySJGYd5KxJFvi8ya8yLbxmemVV1UPIMVTBxOOQqE8iLQkfDsW0VTI6Qq-Hvbq6IYoeL1g2q8SEwrNa9jRHV6g5OF6R16hDRX4NKxJFTclgxZ7RbKxxUUWzeOYOBwBGdvVIZJaWt4MO8tuq5MUJWrBnURGAExeK2siPIc3jKNh3KXZ2bQpReOGRIUVWTCY4WRrPu0o6y1fJsR5Azo0sYI0Q-Lv86MT-gZPNPNULW6nbSb9aRJWFJlMdv6MNszf26upINRm-pTFtHJgRIv2edRwauo.0vHYML87dxxBxERVjuJx3_k790dJQoZt69v-Uz3E9aA&dib_tag=se&keywords=laptop&qid=1754343386&sr=8-8,"ASUS TUF Gaming A15 FA507NUR-LP167 Dizüstü Bilgisayarı, AMD Ryzen™ 7 7435HS Mobile Processor 3.1GHz İşlemci, 16 GB DDR5, 512 GB M.2 SSD, NVIDIA GeForce RTX 4050 6GB GDDR6, 15.6"" FHD, Free Dos",35900.0,15.6,512.0,ryzen 7,16,FreeDOS,rtx4050
https://www.amazon.com.tr/AL14-31P-C452-Ta%C5%9F%C4%B1nabilir-Bilgisayar-Notebook-NX-KS8EY-001/dp/B0DT9MYNYN/ref=sr_1_9?dib=eyJ2IjoiMSJ9.bWePvi0tm_rT30TlA-0ySJGYd5KxJFvi8ya8yLbxmemVV1UPIMVTBxOOQqE8iLQkfDsW0VTI6Qq-Hvbq6IYoeL1g2q8SEwrNa9jRHV6g5OF6R16hDRX4NKxJFTclgxZ7RbKxxUUWzeOYOBwBGdvVIZJaWt4MO8tuq5MUJWrBnURGAExeK2siPIc3jKNh3KXZ2bQpReOGRIUVWTCY4WRrPu0o6y1fJsR5Azo0sYI0Q-Lv86MT-gZPNPNULW6nbSb9aRJWFJlMdv6MNszf26upINRm-pTFtHJgRIv2edRwauo.0vHYML87dxxBxERVjuJx3_k790dJQoZt69v-Uz3E9aA&dib_tag=se&keywords=laptop&qid=1754343386&sr=8-9,Acer Aspire Lite AL14-31P-C452 Intel N100 8 GB 256 GB SSD 14'' IPS WUXGA Taşınabilir Bilgisayar FreeDos Notebook NX.KS8EY.001,8999.0,15.6,256.0,celeron,8,FreeDOS,integrated
https://www.amazon.com.tr/Matebook-Diz%C3%BCst%C3%BC-Bilgisayar-i5-13420H-Graphics/dp/B0CSDQQRWQ/ref=sr_1_11?dib=eyJ2IjoiMSJ9.bWePvi0tm_rT30TlA-0ySJGYd5KxJFvi8ya8yLbxmemVV1UPIMVTBxOOQqE8iLQkfDsW0VTI6Qq-Hvbq6IYoeL1g2q8SEwrNa9jRHV6g5OF6R16hDRX4NKxJFTclgxZ7RbKxxUUWzeOYOBwBGdvVIZJaWt4MO8tuq5MUJWrBnURGAExeK2siPIc3jKNh3KXZ2bQpReOGRIUVWTCY4WRrPu0o6y1fJsR5Azo0sYI0Q-Lv86MT-gZPNPNULW6nbSb9aRJWFJlMdv6MNszf26upINRm-pTFtHJgRIv2edRwauo.0vHYML87dxxBxERVjuJx3_k790dJQoZt69v-Uz3E9aA&dib_tag=se&keywords=laptop&qid=1754343386&sr=8-11,"Huawei Matebook D16 Dizüstü Bilgisayar, 16"" FHD, Intel Core i5-13420H, 16GB RAM, 1TB SSD, Intel UHD Graphics, Windows 11 Home",27299.0,16.0,1024.0,i5,16,Windows 11,intel uhd
https://www.amazon.com.tr/Sf314-43-R09W-Ryzen7-Radeon-Notebook-NX-AB1EY-00C/dp/B0DSLJ627B/ref=sr_1_13?dib=eyJ2IjoiMSJ9.bWePvi0tm_rT30TlA-0ySJGYd5KxJFvi8ya8yLbxmemVV1UPIMVTBxOOQqE8iLQkfDsW0VTI6Qq-Hvbq6IYoeL1g2q8SEwrNa9jRHV6g5OF6R16hDRX4NKxJFTclgxZ7RbKxxUUWzeOYOBwBGdvVIZJaWt4MO8tuq5MUJWrBnURGAExeK2siPIc3jKNh3KXZ2bQpReOGRIUVWTCY4WRrPu0o6y1fJsR5Azo0sYI0Q-Lv86MT-gZPNPNULW6nbSb9aRJWFJlMdv6MNszf26upINRm-pTFtHJgRIv2edRwauo.0vHYML87dxxBxERVjuJx3_k790dJQoZt69v-Uz3E9aA&dib_tag=se&keywords=laptop&qid=1754343386&sr=8-13,Acer Swift 3 Sf314-43-R09W AMD Ryzen7 5700U 16GB 512GB SSD AMD Radeon Dos 14'' FHD 60 Hz Gümüş Notebook NX.AB1EY.00C,17199.0,15.6,512.0,ryzen 7,8,Windows 11,integrated
https://www.amazon.com.tr/Lenovo-Thinkbook-21KK000WTR-FreeDOS-Notebook/dp/B0DHXLSWWS/ref=sr_1_15?dib=eyJ2IjoiMSJ9.bWePvi0tm_rT30TlA-0ySJGYd5KxJFvi8ya8yLbxmemVV1UPIMVTBxOOQqE8iLQkfDsW0VTI6Qq-Hvbq6IYoeL1g2q8SEwrNa9jRHV6g5OF6R16hDRX4NKxJFTclgxZ7RbKxxUUWzeOYOBwBGdvVIZJaWt4MO8tuq5MUJWrBnURGAExeK2siPIc3jKNh3KXZ2bQpReOGRIUVWTCY4WRrPu0o6y1fJsR5Azo0sYI0Q-Lv86MT-gZPNPNULW6nbSb9aRJWFJlMdv6MNszf26upINRm-pTFtHJgRIv2edRwauo.0vHYML87dxxBxERVjuJx3_k790dJQoZt69v-Uz3E9aA&dib_tag=se&keywords=laptop&qid=1754343386&sr=8-15,"Lenovo Thinkbook 16 G6 ABP 21KK000WTR Ryzen 7 7730U 16GB 512GB SSD 16.0"" Wuxga FreeDOS Notebook",22999.0,16.0,512.0,ryzen 7,8,FreeDOS,integrated
https://www.amazon.com.tr/HP-B2NC5ES-i5-1334U-FreeDOS-Bilgisayar/dp/B0DTV3TJDG/ref=sr_1_18?dib=eyJ2IjoiMSJ9.bWePvi0tm_rT30TlA-0ySJGYd5KxJFvi8ya8yLbxmemVV1UPIMVTBxOOQqE8iLQkfDsW0VTI6Qq-Hvbq6IYoeL1g2q8SEwrNa9jRHV6g5OF6R16hDRX4NKxJFTclgxZ7RbKxxUUWzeOYOBwBGdvVIZJaWt4MO8tuq5MUJWrBnURGAExeK2siPIc3jKNh3KXZ2bQpReOGRIUVWTCY4WRrPu0o6y1fJsR5Azo0sYI0Q-Lv86MT-gZPNPNULW6nbSb9aRJWFJlMdv6MNszf26upINRm-pTFtHJgRIv2edRwauo.0vHYML87dxxBxERVjuJx3_k790dJQoZt69v-Uz3E9aA&dib_tag=se&keywords=laptop&qid=1754343386&sr=8-18,"HP 250 G10 B2NC5ES i5-1334U 16GB 512SSD 15.6"" FHD FreeDOS Dizüstü Bilgisayar",15499.0,15.6,,i5,8,FreeDOS,integrated
https://www.amazon.com.tr/Lenovo-i5-12450HX-RTX4060-Freedos-83GS00PPTR/dp/B0DWXW9FZP/ref=sr_1_19?dib=eyJ2IjoiMSJ9.bWePvi0tm_rT30TlA-0ySJGYd5KxJFvi8ya8yLbxmemVV1UPIMVTBxOOQqE8iLQkfDsW0VTI6Qq-Hvbq6IYoeL1g2q8SEwrNa9jRHV6g5OF6R16hDRX4NKxJFTclgxZ7RbKxxUUWzeOYOBwBGdvVIZJaWt4MO8tuq5MUJWrBnURGAExeK2siPIc3jKNh3KXZ2bQpReOGRIUVWTCY4WRrPu0o6y1fJsR5Azo0sYI0Q-Lv86MT-gZPNPNULW6nbSb9aRJWFJlMdv6MNszf26upINRm-pTFtHJgRIv2edRwauo.0vHYML87dxxBxERVjuJx3_k790dJQoZt69v-Uz3E9aA&dib_tag=se&keywords=laptop&qid=1754343386&sr=8-19,"Lenovo LOQ 15IAX9 | i5-12450HX | 24 GB RAM DDR5 | 512 GB SSD | RTX4060 8GB GDDR6 105W | 15.6' IPS Full HD, 300nits, 100% sRGB, 144Hz | Freedos Gaming Laptop | 83GS00PPTR",39699.0,15.6,512.0,i5,24,FreeDOS,rtx4060
https://www.amazon.com.tr/Dell-N1601PVNB3530U09-i7-1355U-Ta%C5%9F%C4%B1nabilir-Bilgisayar-CNT010/dp/B0CX249NFV/ref=sr_1_20?dib=eyJ2IjoiMSJ9.bWePvi0tm_rT30TlA-0ySJGYd5KxJFvi8ya8yLbxmemVV1UPIMVTBxOOQqE8iLQkfDsW0VTI6Qq-Hvbq6IYoeL1g2q8SEwrNa9jRHV6g5OF6R16hDRX4NKxJFTclgxZ7RbKxxUUWzeOYOBwBGdvVIZJaWt4MO8tuq5MUJWrBnURGAExeK2siPIc3jKNh3KXZ2bQpReOGRIUVWTCY4WRrPu0o6y1fJsR5Azo0sYI0Q-Lv86MT-gZPNPNULW6nbSb9aRJWFJlMdv6MNszf26upINRm-pTFtHJgRIv2edRwauo.0vHYML87dxxBxERVjuJx3_k790dJQoZt69v-Uz3E9aA&dib_tag=se&keywords=laptop&qid=1754343386&sr=8-20,Dell Vostro 3530 N1601PVNB3530U09 i7-1355U 16GB 512SSD 15.6 FHD W11P Dizüstü Bilgisayar-CNT010,25299.0,15.6,,celeron,8,Windows 11,integrated
https://www.amazon.com.tr/ASUS-Vivobook-Freedos-Laptop-E1504FA-NJ097/dp/B0DT6VRBCQ/ref=sr_1_21?dib=eyJ2IjoiMSJ9.bWePvi0tm_rT30TlA-0ySJGYd5KxJFvi8ya8yLbxmemVV1UPIMVTBxOOQqE8iLQkfDsW0VTI6Qq-Hvbq6IYoeL1g2q8SEwrNa9jRHV6g5OF6R16hDRX4NKxJFTclgxZ7RbKxxUUWzeOYOBwBGdvVIZJaWt4MO8tuq5MUJWrBnURGAExeK2siPIc3jKNh3KXZ2bQpReOGRIUVWTCY4WRrPu0o6y1fJsR5Azo0sYI0Q-Lv86MT-gZPNPNULW6nbSb9aRJWFJlMdv6MNszf26upINRm-pTFtHJgRIv2edRwauo.0vHYML87dxxBxERVjuJx3_k790dJQoZt69v-Uz3E9aA&dib_tag=se&keywords=laptop&qid=1754343386&sr=8-21,ASUS Vivobook Go 15 Ryzen 3 7320U 8GB 256GB SSD 15.6 FHD Freedos Laptop E1504FA-NJ097,10490.0,15.6,256.0,ryzen 3,8,FreeDOS,integrated
https://www.amazon.com.tr/Acer-Chromebook-Bilgisayar-ChromeOS-CB315-4H-C0VN/dp/B0D946VSDH/ref=sr_1_23?dib=eyJ2IjoiMSJ9.bWePvi0tm_rT30TlA-0ySJGYd5KxJFvi8ya8yLbxmemVV1UPIMVTBxOOQqE8iLQkfDsW0VTI6Qq-Hvbq6IYoeL1g2q8SEwrNa9jRHV6g5OF6R16hDRX4NKxJFTclgxZ7RbKxxUUWzeOYOBwBGdvVIZJaWt4MO8tuq5MUJWrBnURGAExeK2siPIc3jKNh3KXZ2bQpReOGRIUVWTCY4WRrPu0o6y1fJsR5Azo0sYI0Q-Lv86MT-gZPNPNULW6nbSb9aRJWFJlMdv6MNszf26upINRm-pTFtHJgRIv2edRwauo.0vHYML87dxxBxERVjuJx3_k790dJQoZt69v-Uz3E9aA&dib_tag=se&keywords=laptop&qid=1754343386&sr=8-23,"Acer Chromebook Dizüstü Bilgisayar | 15,6 inç Full HD Ekran | Intel Celeron N4500 İşlemci | 4GB LPDDR4X, 64GB eMMC | ChromeOS | Lavanta | CB315-4H-C0VN",10199.0,15.6,512.0,celeron,4,ChromeOS,integrated
https://www.amazon.com.tr/HP-Diz%C3%BCst%C3%BC-Bilgisayar-i5-13500H-7P645EA/dp/B0C85HX5GW/ref=sr_1_24?dib=eyJ2IjoiMSJ9.bWePvi0tm_rT30TlA-0ySJGYd5KxJFvi8ya8yLbxmemVV1UPIMVTBxOOQqE8iLQkfDsW0VTI6Qq-Hvbq6IYoeL1g2q8SEwrNa9jRHV6g5OF6R16hDRX4NKxJFTclgxZ7RbKxxUUWzeOYOBwBGdvVIZJaWt4MO8tuq5MUJWrBnURGAExeK2siPIc3jKNh3KXZ2bQpReOGRIUVWTCY4WRrPu0o6y1fJsR5Azo0sYI0Q-Lv86MT-gZPNPNULW6nbSb9aRJWFJlMdv6MNszf26upINRm-pTFtHJgRIv2edRwauo.0vHYML87dxxBxERVjuJx3_k790dJQoZt69v-Uz3E9aA&dib_tag=se&keywords=laptop&qid=1754343386&sr=8-24,"HP Victus Gaming Dizüstü Bilgisayar, 16,1 inç 144 Hz FHD IPS, Intel Core i5-13500H, 16GB Ram, NVIDIA GeForce RTX 4060 DLSS 3, 512 GB SSD, FreeDos, 7P645EA",38999.0,15.6,512.0,i5,16,FreeDOS,rtx4060
https://www.amazon.com.tr/Acer-ANV15-51-Bilgisayar%C4%B1-i7-13620H-NH-QNBEY-002/dp/B0CPFLLS7Z/ref=sr_1_25?dib=eyJ2IjoiMSJ9.bWePvi0tm_rT30TlA-0ySJGYd5KxJFvi8ya8yLbxmemVV1UPIMVTBxOOQqE8iLQkfDsW0VTI6Qq-Hvbq6IYoeL1g2q8SEwrNa9jRHV6g5OF6R16hDRX4NKxJFTclgxZ7RbKxxUUWzeOYOBwBGdvVIZJaWt4MO8tuq5MUJWrBnURGAExeK2siPIc3jKNh3KXZ2bQpReOGRIUVWTCY4WRrPu0o6y1fJsR5Azo0sYI0Q-Lv86MT-gZPNPNULW6nbSb9aRJWFJlMdv6MNszf26upINRm-pTFtHJgRIv2edRwauo.0vHYML87dxxBxERVjuJx3_k790dJQoZt69v-Uz3E9aA&dib_tag=se&keywords=laptop&qid=1754343386&sr=8-25,"Acer Nitro V 15 ANV15-51 Dizüstü Oyuncu Bilgisayarı, Intel i7-13620H, 16 GB DDR5 RAM, 512 GB M.2 NVME SSD, 15.6 inç Full HD 144Hz Ekran, GeForce RTX 4050 6 GB GDDR6 Ekran Kartı, FreeDOS, NH.QNBEY.002",36480.0,15.6,512.0,i7,16,FreeDOS,rtx4050
https://www.amazon.com.tr/Lenovo-7435HS-FreeDOS-Gaming-83JC00E7TR/dp/B0F8JB9MGP/ref=sr_1_27?dib=eyJ2IjoiMSJ9.bWePvi0tm_rT30TlA-0ySJGYd5KxJFvi8ya8yLbxmemVV1UPIMVTBxOOQqE8iLQkfDsW0VTI6Qq-Hvbq6IYoeL1g2q8SEwrNa9jRHV6g5OF6R16hDRX4NKxJFTclgxZ7RbKxxUUWzeOYOBwBGdvVIZJaWt4MO8tuq5MUJWrBnURGAExeK2siPIc3jKNh3KXZ2bQpReOGRIUVWTCY4WRrPu0o6y1fJsR5Azo0sYI0Q-Lv86MT-gZPNPNULW6nbSb9aRJWFJlMdv6MNszf26upINRm-pTFtHJgRIv2edRwauo.0vHYML87dxxBxERVjuJx3_k790dJQoZt69v-Uz3E9aA&dib_tag=se&keywords=laptop&qid=1754343386&sr=8-27,"Lenovo LOQ Ryzen 7 7435HS, 24GB RAM, 512GB SSD, 15.6"" FHD 144Hz Ekran, RTX 4060 8GB GDDR6 105W, FreeDOS Gaming Laptop, 83JC00E7TR",39974.0,15.6,512.0,ryzen 7,24,FreeDOS,rtx4060
https://www.amazon.com.tr/Lenovo-i5-12450HX-16GBRAM-FreeDOS-83GS00PTTR/dp/B0F8J7TPSZ/ref=sr_1_28?dib=eyJ2IjoiMSJ9.bWePvi0tm_rT30TlA-0ySJGYd5KxJFvi8ya8yLbxmemVV1UPIMVTBxOOQqE8iLQkfDsW0VTI6Qq-Hvbq6IYoeL1g2q8SEwrNa9jRHV6g5OF6R16hDRX4NKxJFTclgxZ7RbKxxUUWzeOYOBwBGdvVIZJaWt4MO8tuq5MUJWrBnURGAExeK2siPIc3jKNh3KXZ2bQpReOGRIUVWTCY4WRrPu0o6y1fJsR5Azo0sYI0Q-Lv86MT-gZPNPNULW6nbSb9aRJWFJlMdv6MNszf26upINRm-pTFtHJgRIv2edRwauo.0vHYML87dxxBxERVjuJx3_k790dJQoZt69v-Uz3E9aA&dib_tag=se&keywords=laptop&qid=1754343386&sr=8-28,"Lenovo LOQ i5-12450HX, 16GBRAM, 512GB SSD, 15.6"" FHD 144Hz Ekran, RTX 4050 6GB GDDR6 105W, FreeDOS, Gaming Laptop,83GS00PTTR",33987.0,15.6,512.0,i5,16,FreeDOS,rtx4050
https://www.amazon.com.tr/Dell-Inspiron-i5-1334U-Ta%C5%9F%C4%B1nabilir-I35303407U/dp/B0DJ8YHHZZ/ref=sr_1_29?dib=eyJ2IjoiMSJ9.bWePvi0tm_rT30TlA-0ySJGYd5KxJFvi8ya8yLbxmemVV1UPIMVTBxOOQqE8iLQkfDsW0VTI6Qq-Hvbq6IYoeL1g2q8SEwrNa9jRHV6g5OF6R16hDRX4NKxJFTclgxZ7RbKxxUUWzeOYOBwBGdvVIZJaWt4MO8tuq5MUJWrBnURGAExeK2siPIc3jKNh3KXZ2bQpReOGRIUVWTCY4WRrPu0o6y1fJsR5Azo0sYI0Q-Lv86MT-gZPNPNULW6nbSb9aRJWFJlMdv6MNszf26upINRm-pTFtHJgRIv2edRwauo.0vHYML87dxxBxERVjuJx3_k790dJQoZt69v-Uz3E9aA&dib_tag=se&keywords=laptop&qid=1754343386&sr=8-29,"Dell Inspiron 3530 i5-1334U 16 GB 512 GB SSD 15.6"" FHD 120Hz Intel Iris Xe Graphics Freedos Taşınabilir Notebook I35303407U",16709.0,15.6,512.0,i5,8,FreeDOS,iris xe
https://www.amazon.com.tr/Acer-TravelMate-TMP215-41-62-Bilgisayar-NX-VS1EY-001/dp/B0CPJ6W7ZS/ref=sr_1_30?dib=eyJ2IjoiMSJ9.bWePvi0tm_rT30TlA-0ySJGYd5KxJFvi8ya8yLbxmemVV1UPIMVTBxOOQqE8iLQkfDsW0VTI6Qq-Hvbq6IYoeL1g2q8SEwrNa9jRHV6g5OF6R16hDRX4NKxJFTclgxZ7RbKxxUUWzeOYOBwBGdvVIZJaWt4MO8tuq5MUJWrBnURGAExeK2siPIc3jKNh3KXZ2bQpReOGRIUVWTCY4WRrPu0o6y1fJsR5Azo0sYI0Q-Lv86MT-gZPNPNULW6nbSb9aRJWFJlMdv6MNszf26upINRm-pTFtHJgRIv2edRwauo.0vHYML87dxxBxERVjuJx3_k790dJQoZt69v-Uz3E9aA&dib_tag=se&keywords=laptop&qid=1754343386&sr=8-30,"Acer TravelMate P2 (TMP215-41-62) Dizüstü Bilgisayar, Ryzen 5 5650U İşlemci, AMD Radeon Graphics Paylaşımlı Ekran Kartı, 15.6 inç FHD Ekran, 8 GB DDR4 RAM, 512 GB SSD, FreeDOS, NX.VS1EY.001",14999.0,15.6,512.0,ryzen 5,8,FreeDOS,integrated
https://www.amazon.com.tr/Casper-Nirvana-i7-13620H-Freedos-S100-1362-DF00X-G-F/dp/B0DX7M34P5/ref=sr_1_34?dib=eyJ2IjoiMSJ9.bWePvi0tm_rT30TlA-0ySJGYd5KxJFvi8ya8yLbxmemVV1UPIMVTBxOOQqE8iLQkfDsW0VTI6Qq-Hvbq6IYoeL1g2q8SEwrNa9jRHV6g5OF6R16hDRX4NKxJFTclgxZ7RbKxxUUWzeOYOBwBGdvVIZJaWt4MO8tuq5MUJWrBnURGAExeK2siPIc3jKNh3KXZ2bQpReOGRIUVWTCY4WRrPu0o6y1fJsR5Azo0sYI0Q-Lv86MT-gZPNPNULW6nbSb9aRJWFJlMdv6MNszf26upINRm-pTFtHJgRIv2edRwauo.0vHYML87dxxBxERVjuJx3_k790dJQoZt69v-Uz3E9aA&dib_tag=se&keywords=laptop&qid=1754343386&sr=8-34,"Casper Nirvana S100 16"" 300NIT Core i7-13620H 32GB DDR5 RAM 1TB NVME SSD Freedos Laptop S100.1362-DF00X-G-F",26599.0,16.0,1024.0,i7,32,FreeDOS,integrated
https://www.amazon.com.tr/HP-Bilgisayar-7-7840HS-Performans-7Z581EA/dp/B0CCPJQZNG/ref=sr_1_35?dib=eyJ2IjoiMSJ9.bWePvi0tm_rT30TlA-0ySJGYd5KxJFvi8ya8yLbxmemVV1UPIMVTBxOOQqE8iLQkfDsW0VTI6Qq-Hvbq6IYoeL1g2q8SEwrNa9jRHV6g5OF6R16hDRX4NKxJFTclgxZ7RbKxxUUWzeOYOBwBGdvVIZJaWt4MO8tuq5MUJWrBnURGAExeK2siPIc3jKNh3KXZ2bQpReOGRIUVWTCY4WRrPu0o6y1fJsR5Azo0sYI0Q-Lv86MT-gZPNPNULW6nbSb9aRJWFJlMdv6MNszf26upINRm-pTFtHJgRIv2edRwauo.0vHYML87dxxBxERVjuJx3_k790dJQoZt69v-Uz3E9aA&dib_tag=se&keywords=laptop&qid=1754343386&sr=8-35,"HP Victus Gaming Dizüstü Bilgisayar, 16,1 inç 144 Hz FHD IPS, AMD Ryzen 7-7840HS, 16 GB RAM, 512 GB SSD, NVIDIA GeForce RTX 4070, FreeDos, Performans Mavi, 7Z581EA",50499.0,15.6,512.0,ryzen 7,16,FreeDOS,rtx4070
https://www.amazon.com.tr/VivoBook-E1504FA-NJ118A3-Ryzen5-Diz%C3%BCst%C3%BC-Bilgisayar/dp/B0DRGHXZWS/ref=sr_1_36?dib=eyJ2IjoiMSJ9.bWePvi0tm_rT30TlA-0ySJGYd5KxJFvi8ya8yLbxmemVV1UPIMVTBxOOQqE8iLQkfDsW0VTI6Qq-Hvbq6IYoeL1g2q8SEwrNa9jRHV6g5OF6R16hDRX4NKxJFTclgxZ7RbKxxUUWzeOYOBwBGdvVIZJaWt4MO8tuq5MUJWrBnURGAExeK2siPIc3jKNh3KXZ2bQpReOGRIUVWTCY4WRrPu0o6y1fJsR5Azo0sYI0Q-Lv86MT-gZPNPNULW6nbSb9aRJWFJlMdv6MNszf26upINRm-pTFtHJgRIv2edRwauo.0vHYML87dxxBxERVjuJx3_k790dJQoZt69v-Uz3E9aA&dib_tag=se&keywords=laptop&qid=1754343386&sr=8-36,"Asus VivoBook Go 15 E1504FA-NJ118A3 Ryzen5 7520U 8GB 512SSD 15.6"" FHD W11P Dizüstü Bilgisayar",15499.0,15.6,,ryzen 5,8,Windows 11,integrated
https://www.amazon.com.tr/Chuwi-GemiBook-%C4%B0%C5%9Flemci-4800Mhz-Notebook/dp/B00OKAJZUC/ref=sr_1_41?dib=eyJ2IjoiMSJ9.bWePvi0tm_rT30TlA-0ySJGYd5KxJFvi8ya8yLbxmemVV1UPIMVTBxOOQqE8iLQkfDsW0VTI6Qq-Hvbq6IYoeL1g2q8SEwrNa9jRHV6g5OF6R16hDRX4NKxJFTclgxZ7RbKxxUUWzeOYOBwBGdvVIZJaWt4MO8tuq5MUJWrBnURGAExeK2siPIc3jKNh3KXZ2bQpReOGRIUVWTCY4WRrPu0o6y1fJsR5Azo0sYI0Q-Lv86MT-gZPNPNULW6nbSb9aRJWFJlMdv6MNszf26upINRm-pTFtHJgRIv2edRwauo.0vHYML87dxxBxERVjuJx3_k790dJQoZt69v-Uz3E9aA&dib_tag=se&keywords=laptop&qid=1754343386&sr=8-41,"Chuwi GemiBook Plus 15.6"" Intel N150 İşlemci, 16GB DDR5 4800Mhz RAM, 512GB SSD, FHD 1080P,WiFi6+BT,W11 Notebook",12199.0,15.6,512.0,ryzen 5,16,Windows 11,integrated
https://www.amazon.com.tr/LENOVO-THINKPAD-21JR0009TX-RYZEN5-7530U-512SSD/dp/B0CWH7G8Y4/ref=sr_1_43?dib=eyJ2IjoiMSJ9.bWePvi0tm_rT30TlA-0ySJGYd5KxJFvi8ya8yLbxmemVV1UPIMVTBxOOQqE8iLQkfDsW0VTI6Qq-Hvbq6IYoeL1g2q8SEwrNa9jRHV6g5OF6R16hDRX4NKxJFTclgxZ7RbKxxUUWzeOYOBwBGdvVIZJaWt4MO8tuq5MUJWrBnURGAExeK2siPIc3jKNh3KXZ2bQpReOGRIUVWTCY4WRrPu0o6y1fJsR5Azo0sYI0Q-Lv86MT-gZPNPNULW6nbSb9aRJWFJlMdv6MNszf26upINRm-pTFtHJgRIv2edRwauo.0vHYML87dxxBxERVjuJx3_k790dJQoZt69v-Uz3E9aA&dib_tag=se&keywords=laptop&qid=1754343386&sr=8-43,Lenovo ThinkPad E14 21JR0009TX R5-7530U 16GB 512GB 14.0'' FHD FreeDOS Notebook,27109.0,15.6,512.0,i5,8,FreeDOS,integrated
https://www.amazon.com.tr/Dell-Inspiron-Notebook-i5-1235U-Bilgisayar/dp/B0CQTKLH1R/ref=sr_1_47?dib=eyJ2IjoiMSJ9.bWePvi0tm_rT30TlA-0ySJGYd5KxJFvi8ya8yLbxmemVV1UPIMVTBxOOQqE8iLQkfDsW0VTI6Qq-Hvbq6IYoeL1g2q8SEwrNa9jRHV6g5OF6R16hDRX4NKxJFTclgxZ7RbKxxUUWzeOYOBwBGdvVIZJaWt4MO8tuq5MUJWrBnURGAExeK2siPIc3jKNh3KXZ2bQpReOGRIUVWTCY4WRrPu0o6y1fJsR5Azo0sYI0Q-Lv86MT-gZPNPNULW6nbSb9aRJWFJlMdv6MNszf26upINRm-pTFtHJgRIv2edRwauo.0vHYML87dxxBxERVjuJx3_k790dJQoZt69v-Uz3E9aA&dib_tag=se&keywords=laptop&qid=1754343386&sr=8-47,"Dell Inspiron 15.6"" FHD Notebook 3520/Core i5-1235U/16GB/512GB SSD/Intel Iris Xe/WLAN + BT/Kb/3 Cell/Ubuntu, Dizüstü Bilgisayar, Laptop",17515.0,15.6,512.0,i5,8,Linux,iris xe
https://www.amazon.com.tr/dp/B0DX7M34P5,"Casper Nirvana S100 16"" 300NIT Core i7-13620H 32GB DDR5 RAM 1TB NVME SSD Freedos Laptop S100.1362-DF00X-G-F",26599.0,16.0,1024.0,i7,32,FreeDOS,integrated
https://www.amazon.com.tr/dp/B0DMKJ3SD4,NPO NPM FHD 1080p IPS Type-C Taşınabilir Dizüstü Monitör Çoklayıcı Notebook Monitör (İkili),13159.0,15.6,512.0,i5,8,Windows 11,integrated
https://www.amazon.com.tr/MSI-MODERN-15-F13MG-098XTR-Bilgisayar/dp/B0BTCLDLF5/ref=sr_1_53?dib=eyJ2IjoiMSJ9.Q4xAbXsRKQhSFEF-J5cjud5xf0Ykb3KKWknS3c8TpKHbztSBMtKj0kC5f46jOXijySd19iWyzbL03VmuArOhvFWnoZC74wDFMgrS-JVV-cQqhi4EKfqxIMbFnvhtR6kGmdoTpK7fwxOack6wD6vGtlsf1zN-psCFFAU-hj5e174WZ2V-qqC8t4GtQXOSevHSH5kt2-TTtGaJALEDfy_NxxfH22WJIXHQ_MjTWPqR6DszX7VWpn80ek3sn1zRz5NN-c08UYjx45l67W_PsggaMgNCeQj-cNj0tx2uEfDGptM.iT6dA0c4SiPQZsJaIJLR03dOYfkE-DJJPD90yxSu4bI&dib_tag=se&keywords=laptop&qid=1754343415&sr=8-53,"MSI NB MODERN 15 F13MG-098XTR, Dizüstü Bilgisayar, Core I7-1355U, 15.6 FHD, 16GB DDR4, UMA, 512GB SSD, DOS, GRI",25999.0,15.6,512.0,i7,16,Windows 11,integrated
https://www.amazon.com.tr/ASPIRE-A315-58-36YJ-%C4%B03-1115G4-256SSD-NOTEBOOK/dp/B0CY2S9ZQM/ref=sr_1_61?dib=eyJ2IjoiMSJ9.Q4xAbXsRKQhSFEF-J5cjud5xf0Ykb3KKWknS3c8TpKHbztSBMtKj0kC5f46jOXijySd19iWyzbL03VmuArOhvFWnoZC74wDFMgrS-JVV-cQqhi4EKfqxIMbFnvhtR6kGmdoTpK7fwxOack6wD6vGtlsf1zN-psCFFAU-hj5e174WZ2V-qqC8t4GtQXOSevHSH5kt2-TTtGaJALEDfy_NxxfH22WJIXHQ_MjTWPqR6DszX7VWpn80ek3sn1zRz5NN-c08UYjx45l67W_PsggaMgNCeQj-cNj0tx2uEfDGptM.iT6dA0c4SiPQZsJaIJLR03dOYfkE-DJJPD90yxSu4bI&dib_tag=se&keywords=laptop&qid=1754343415&sr=8-61,ACER ASPIRE 3 A315-58-36YJ İ3-1115G4 4GB RAM 256SSD UMA 15.6'' FHD W11 GÜMÜŞ NOTEBOOK,10999.0,15.6,,i5,4,Windows 11,integrated
https://www.amazon.com.tr/Bilgisayar-Koruyucu-%C3%96nleyici-Zephyrus-Aksesuarlar%C4%B1/dp/B091TGFPRB/ref=sr_1_63?dib=eyJ2IjoiMSJ9.Q4xAbXsRKQhSFEF-J5cjud5xf0Ykb3KKWknS3c8TpKHbztSBMtKj0kC5f46jOXijySd19iWyzbL03VmuArOhvFWnoZC74wDFMgrS-JVV-cQqhi4EKfqxIMbFnvhtR6kGmdoTpK7fwxOack6wD6vGtlsf1zN-psCFFAU-hj5e174WZ2V-qqC8t4GtQXOSevHSH5kt2-TTtGaJALEDfy_NxxfH22WJIXHQ_MjTWPqR6DszX7VWpn80ek3sn1zRz5NN-c08UYjx45l67W_PsggaMgNCeQj-cNj0tx2uEfDGptM.iT6dA0c4SiPQZsJaIJLR03dOYfkE-DJJPD90yxSu4bI&dib_tag=se&keywords=laptop&qid=1754343415&sr=8-63,"ASUS ROG 15,6 inç Oyun Dizüstü Bilgisayarı, ROG Strix G15/Strix Scar 15, Zephyrus G15 M15/Zephyrus Duo 15/Zephyrus S 15, ExpertBook 15,6 inç, Anti Mavi Işık Parlama UV Filtresi",2964.0,15.6,512.0,m1,8,Windows 11,integrated
https://www.amazon.com.tr/ASUS-Vivobook-X1504VA-NJ1424-i5-1355U-Graphics/dp/B0DP397354/ref=sr_1_64?dib=eyJ2IjoiMSJ9.Q4xAbXsRKQhSFEF-J5cjud5xf0Ykb3KKWknS3c8TpKHbztSBMtKj0kC5f46jOXijySd19iWyzbL03VmuArOhvFWnoZC74wDFMgrS-JVV-cQqhi4EKfqxIMbFnvhtR6kGmdoTpK7fwxOack6wD6vGtlsf1zN-psCFFAU-hj5e174WZ2V-qqC8t4GtQXOSevHSH5kt2-TTtGaJALEDfy_NxxfH22WJIXHQ_MjTWPqR6DszX7VWpn80ek3sn1zRz5NN-c08UYjx45l67W_PsggaMgNCeQj-cNj0tx2uEfDGptM.iT6dA0c4SiPQZsJaIJLR03dOYfkE-DJJPD90yxSu4bI&dib_tag=se&keywords=laptop&qid=1754343415&sr=8-64,"ASUS Vivobook 15 X1504VA-NJ1424 i5-1355U 8GB DDR4 512GB SSD UHD Graphics 15.6"" Full HD FreeDOS Notebook",15299.0,15.6,512.0,i5,8,FreeDOS,intel uhd
https://www.amazon.com.tr/Game-Garaj-R9T-5050-C1-RTX5050/dp/B0FF9S5DDX/ref=sr_1_65?dib=eyJ2IjoiMSJ9.Q4xAbXsRKQhSFEF-J5cjud5xf0Ykb3KKWknS3c8TpKHbztSBMtKj0kC5f46jOXijySd19iWyzbL03VmuArOhvFWnoZC74wDFMgrS-JVV-cQqhi4EKfqxIMbFnvhtR6kGmdoTpK7fwxOack6wD6vGtlsf1zN-psCFFAU-hj5e174WZ2V-qqC8t4GtQXOSevHSH5kt2-TTtGaJALEDfy_NxxfH22WJIXHQ_MjTWPqR6DszX7VWpn80ek3sn1zRz5NN-c08UYjx45l67W_PsggaMgNCeQj-cNj0tx2uEfDGptM.iT6dA0c4SiPQZsJaIJLR03dOYfkE-DJJPD90yxSu4bI&dib_tag=se&keywords=laptop&qid=1754343415&sr=8-65,"Game Garaj Slayer R9T-5050 C1 AMD Ryzen 9 7845HX 32GB RAM 1TB SSD RTX5050 16"" 180Hz QHD+ IPS FreeDOS Oyuncu Laptop",51599.0,16.0,1024.0,ryzen 9,32,FreeDOS,rtx5050
https://www.amazon.com.tr/Lenovo-83A100KXTR10-i7-1355U-Diz%C3%BCst%C3%BC-Bilgisayar-CNT011/dp/B0DPCQH41K/ref=sr_1_66?dib=eyJ2IjoiMSJ9.Q4xAbXsRKQhSFEF-J5cjud5xf0Ykb3KKWknS3c8TpKHbztSBMtKj0kC5f46jOXijySd19iWyzbL03VmuArOhvFWnoZC74wDFMgrS-JVV-cQqhi4EKfqxIMbFnvhtR6kGmdoTpK7fwxOack6wD6vGtlsf1zN-psCFFAU-hj5e174WZ2V-qqC8t4GtQXOSevHSH5kt2-TTtGaJALEDfy_NxxfH22WJIXHQ_MjTWPqR6DszX7VWpn80ek3sn1zRz5NN-c08UYjx45l67W_PsggaMgNCeQj-cNj0tx2uEfDGptM.iT6dA0c4SiPQZsJaIJLR03dOYfkE-DJJPD90yxSu4bI&dib_tag=se&keywords=laptop&qid=1754343415&sr=8-66,"Lenovo V15 83A100KXTR10 i7-1355U 16GB 512SSD 15.6"" FHD W11P Dizüstü Bilgisayar-CNT011",26499.0,15.6,,i7,8,Windows 11,integrated
https://www.amazon.com.tr/VivoBook-X1504VA-NJ123W001-i5-1335U-Diz%C3%BCst%C3%BC-Bilgisayar-CNT002/dp/B0F1Z1M1BL/ref=sr_1_67?dib=eyJ2IjoiMSJ9.Q4xAbXsRKQhSFEF-J5cjud5xf0Ykb3KKWknS3c8TpKHbztSBMtKj0kC5f46jOXijySd19iWyzbL03VmuArOhvFWnoZC74wDFMgrS-JVV-cQqhi4EKfqxIMbFnvhtR6kGmdoTpK7fwxOack6wD6vGtlsf1zN-psCFFAU-hj5e174WZ2V-qqC8t4GtQXOSevHSH5kt2-TTtGaJALEDfy_NxxfH22WJIXHQ_MjTWPqR6DszX7VWpn80ek3sn1zRz5NN-c08UYjx45l67W_PsggaMgNCeQj-cNj0tx2uEfDGptM.iT6dA0c4SiPQZsJaIJLR03dOYfkE-DJJPD90yxSu4bI&dib_tag=se&keywords=laptop&qid=1754343415&sr=8-67,"Asus VivoBook 15 X1504VA-NJ123W001 i5-1335U 16GB 512SSD 15.6"" FHD W11H Dizüstü Bilgisayar-CNT002",20299.0,15.6,,i5,8,Windows 11,integrated
https://www.amazon.com.tr/dp/B0CX249NFV,Dell Vostro 3530 N1601PVNB3530U09 i7-1355U 16GB 512SSD 15.6 FHD W11P Dizüstü Bilgisayar-CNT010,25299.0,15.6,,celeron,8,Windows 11,integrated
https://www.amazon.com.tr/dp/B0DL344VYN,Dell Vostro 3530 N3404PVNB3530U11 i5-1334U 32GB 1TBSSD 15.6 FHD W11P Dizüstü Bilgisayar-CNT012,24009.0,15.6,1024.0,celeron,8,Windows 11,integrated
https://www.amazon.com.tr/HP-Diz%C3%BCst%C3%BC-Bilgisayar-RyzenTM-B82N6EA/dp/B0F54B4XR3/ref=sr_1_71?dib=eyJ2IjoiMSJ9.Q4xAbXsRKQhSFEF-J5cjud5xf0Ykb3KKWknS3c8TpKHbztSBMtKj0kC5f46jOXijySd19iWyzbL03VmuArOhvFWnoZC74wDFMgrS-JVV-cQqhi4EKfqxIMbFnvhtR6kGmdoTpK7fwxOack6wD6vGtlsf1zN-psCFFAU-hj5e174WZ2V-qqC8t4GtQXOSevHSH5kt2-TTtGaJALEDfy_NxxfH22WJIXHQ_MjTWPqR6DszX7VWpn80ek3sn1zRz5NN-c08UYjx45l67W_PsggaMgNCeQj-cNj0tx2uEfDGptM.iT6dA0c4SiPQZsJaIJLR03dOYfkE-DJJPD90yxSu4bI&dib_tag=se&keywords=laptop&qid=1754343415&sr=8-71,"HP Victus Gaming Dizüstü Bilgisayar, 15.6 inç 144 Hz IPS Ekran, AMD Ryzen™ 7 8845HS, 16 GB DDR5 RAM, NVIDIA® GeForce RTX™ 4060 8 GB, 512 GB SSD, FreeDos, Mika Gümüşü, B82N6EA",41999.0,15.6,512.0,celeron,16,FreeDOS,rtx4060
https://www.amazon.com.tr/HP-Diz%C3%BCst%C3%BC-Bilgisayar-i3-1315U-88T67EA/dp/B0CJMN3KNR/ref=sr_1_73?dib=eyJ2IjoiMSJ9.Q4xAbXsRKQhSFEF-J5cjud5xf0Ykb3KKWknS3c8TpKHbztSBMtKj0kC5f46jOXijySd19iWyzbL03VmuArOhvFWnoZC74wDFMgrS-JVV-cQqhi4EKfqxIMbFnvhtR6kGmdoTpK7fwxOack6wD6vGtlsf1zN-psCFFAU-hj5e174WZ2V-qqC8t4GtQXOSevHSH5kt2-TTtGaJALEDfy_NxxfH22WJIXHQ_MjTWPqR6DszX7VWpn80ek3sn1zRz5NN-c08UYjx45l67W_PsggaMgNCeQj-cNj0tx2uEfDGptM.iT6dA0c4SiPQZsJaIJLR03dOYfkE-DJJPD90yxSu4bI&dib_tag=se&keywords=laptop&qid=1754343415&sr=8-73,"HP 15 Dizüstü Bilgisayar, 15,6 inç, Intel Core i3-1315U, 8 GB Ram, 256 GB SSD, FreeDOS, Kömür Grisi, 88T67EA",15999.0,15.6,256.0,i3,8,FreeDOS,integrated
https://www.amazon.com.tr/ASUS-UM3406KA-PP195W-Bilgisayar%C4%B1-RadeonTM-Graphics/dp/B0DXQ6NL6N/ref=sr_1_74?dib=eyJ2IjoiMSJ9.Q4xAbXsRKQhSFEF-J5cjud5xf0Ykb3KKWknS3c8TpKHbztSBMtKj0kC5f46jOXijySd19iWyzbL03VmuArOhvFWnoZC74wDFMgrS-JVV-cQqhi4EKfqxIMbFnvhtR6kGmdoTpK7fwxOack6wD6vGtlsf1zN-psCFFAU-hj5e174WZ2V-qqC8t4GtQXOSevHSH5kt2-TTtGaJALEDfy_NxxfH22WJIXHQ_MjTWPqR6DszX7VWpn80ek3sn1zRz5NN-c08UYjx45l67W_PsggaMgNCeQj-cNj0tx2uEfDGptM.iT6dA0c4SiPQZsJaIJLR03dOYfkE-DJJPD90yxSu4bI&dib_tag=se&keywords=laptop&qid=1754343415&sr=8-74,"ASUS Zenbook 14 UM3406KA-PP195W Dizüstü Bilgisayarı, AMD Ryzen™ AI 7 350 İşlemci, 16 GB LPDDR5X, 512 GB M.2 NVMe SSD, AMD Radeon™ Graphics Kartı, 14 inç Oled Ekran, Windows 11 Home",43999.0,14.0,512.0,m3,16,Windows 11,integrated
https://www.amazon.com.tr/HP-B2NC4ES-I5-1334U-Diz%C3%BCst%C3%BC-Bilgisayar/dp/B0DTYCNG4B/ref=sr_1_76?dib=eyJ2IjoiMSJ9.Q4xAbXsRKQhSFEF-J5cjud5xf0Ykb3KKWknS3c8TpKHbztSBMtKj0kC5f46jOXijySd19iWyzbL03VmuArOhvFWnoZC74wDFMgrS-JVV-cQqhi4EKfqxIMbFnvhtR6kGmdoTpK7fwxOack6wD6vGtlsf1zN-psCFFAU-hj5e174WZ2V-qqC8t4GtQXOSevHSH5kt2-TTtGaJALEDfy_NxxfH22WJIXHQ_MjTWPqR6DszX7VWpn80ek3sn1zRz5NN-c08UYjx45l67W_PsggaMgNCeQj-cNj0tx2uEfDGptM.iT6dA0c4SiPQZsJaIJLR03dOYfkE-DJJPD90yxSu4bI&dib_tag=se&keywords=laptop&qid=1754343415&sr=8-76,"HP 250 G10 B2NC4ES I5-1334U 8 GB 512 GB 15.6"" Free Dos Fhd Dizüstü Bilgisayar",14199.0,15.6,512.0,i5,8,FreeDOS,integrated
https://www.amazon.com.tr/Lenovo-83A100A5TR-i5-13420H-FreeDOS-Notebook/dp/B0DT4M76KY/ref=sr_1_80?dib=eyJ2IjoiMSJ9.Q4xAbXsRKQhSFEF-J5cjud5xf0Ykb3KKWknS3c8TpKHbztSBMtKj0kC5f46jOXijySd19iWyzbL03VmuArOhvFWnoZC74wDFMgrS-JVV-cQqhi4EKfqxIMbFnvhtR6kGmdoTpK7fwxOack6wD6vGtlsf1zN-psCFFAU-hj5e174WZ2V-qqC8t4GtQXOSevHSH5kt2-TTtGaJALEDfy_NxxfH22WJIXHQ_MjTWPqR6DszX7VWpn80ek3sn1zRz5NN-c08UYjx45l67W_PsggaMgNCeQj-cNj0tx2uEfDGptM.iT6dA0c4SiPQZsJaIJLR03dOYfkE-DJJPD90yxSu4bI&dib_tag=se&keywords=laptop&qid=1754343415&sr=8-80,"Lenovo V15 83A100A5TR i5-13420H 16GB 512GB SSD 15.6"" Full HD FreeDOS Notebook",19499.0,15.6,512.0,i5,8,FreeDOS,integrated
https://www.amazon.com.tr/ASUS-Vivobook-X1504VA-NJ396-15-6-1920/dp/B0D5MXCBWG/ref=sr_1_83?dib=eyJ2IjoiMSJ9.Q4xAbXsRKQhSFEF-J5cjud5xf0Ykb3KKWknS3c8TpKHbztSBMtKj0kC5f46jOXijySd19iWyzbL03VmuArOhvFWnoZC74wDFMgrS-JVV-cQqhi4EKfqxIMbFnvhtR6kGmdoTpK7fwxOack6wD6vGtlsf1zN-psCFFAU-hj5e174WZ2V-qqC8t4GtQXOSevHSH5kt2-TTtGaJALEDfy_NxxfH22WJIXHQ_MjTWPqR6DszX7VWpn80ek3sn1zRz5NN-c08UYjx45l67W_PsggaMgNCeQj-cNj0tx2uEfDGptM.iT6dA0c4SiPQZsJaIJLR03dOYfkE-DJJPD90yxSu4bI&dib_tag=se&keywords=laptop&qid=1754343415&sr=8-83,"ASUS Vivobook 15 X1504VA-NJ396 Dizüstü Bilgisayar, 15.6 inç FHD (1920 x 1080) 16:9, i7-1355U, DDR4 8GB, 512GB M.2 NVMe PCIe 3.0 SSD, Intel UHD N/A, FreeDoS",22735.0,15.6,512.0,i7,8,FreeDOS,intel uhd
https://www.amazon.com.tr/ExpertBook-B3402FBA-I58512B1D14-i5-1235U-Diz%C3%BCst%C3%BC-Bilgisayar/dp/B0DGGR7S57/ref=sr_1_85?dib=eyJ2IjoiMSJ9.Q4xAbXsRKQhSFEF-J5cjud5xf0Ykb3KKWknS3c8TpKHbztSBMtKj0kC5f46jOXijySd19iWyzbL03VmuArOhvFWnoZC74wDFMgrS-JVV-cQqhi4EKfqxIMbFnvhtR6kGmdoTpK7fwxOack6wD6vGtlsf1zN-psCFFAU-hj5e174WZ2V-qqC8t4GtQXOSevHSH5kt2-TTtGaJALEDfy_NxxfH22WJIXHQ_MjTWPqR6DszX7VWpn80ek3sn1zRz5NN-c08UYjx45l67W_PsggaMgNCeQj-cNj0tx2uEfDGptM.iT6dA0c4SiPQZsJaIJLR03dOYfkE-DJJPD90yxSu4bI&dib_tag=se&keywords=laptop&qid=1754343415&sr=8-85,"Asus ExpertBook B3 Flip B3402FBA-I58512B1D14 i5-1235U 40GB 512SSD 14"" FHD Touch W11P Dizüstü Bilgisayar-CNT015",29999.0,14.0,,i5,8,Windows 11,integrated
https://www.amazon.com.tr/Dell-Inspiron-Bilgisayar-i7-1355U-Garantili/dp/B0F6764ZTH/ref=sr_1_88?dib=eyJ2IjoiMSJ9.Q4xAbXsRKQhSFEF-J5cjud5xf0Ykb3KKWknS3c8TpKHbztSBMtKj0kC5f46jOXijySd19iWyzbL03VmuArOhvFWnoZC74wDFMgrS-JVV-cQqhi4EKfqxIMbFnvhtR6kGmdoTpK7fwxOack6wD6vGtlsf1zN-psCFFAU-hj5e174WZ2V-qqC8t4GtQXOSevHSH5kt2-TTtGaJALEDfy_NxxfH22WJIXHQ_MjTWPqR6DszX7VWpn80ek3sn1zRz5NN-c08UYjx45l67W_PsggaMgNCeQj-cNj0tx2uEfDGptM.iT6dA0c4SiPQZsJaIJLR03dOYfkE-DJJPD90yxSu4bI&dib_tag=se&keywords=laptop&qid=1754343415&sr=8-88,"Dell Inspiron 15 3530, Dizüstü Bilgisayar, Intel® Core™ i7-1355U 5.0 GHz İşlemci, 16 GB DDR4 RAM, 1 TB M.2 SSD, Intel® Iris® Xe Graphics, 15.6"" FHD, Ubuntu, Yerinde Servis Garantili",26999.0,15.6,1024.0,i7,16,Linux,integrated
https://www.amazon.com.tr/Lenovo-83A100A5TR-i5-13420H-FreeDOS-Bilgisayar/dp/B0DS2QJZM6/ref=sr_1_90?dib=eyJ2IjoiMSJ9.Q4xAbXsRKQhSFEF-J5cjud5xf0Ykb3KKWknS3c8TpKHbztSBMtKj0kC5f46jOXijySd19iWyzbL03VmuArOhvFWnoZC74wDFMgrS-JVV-cQqhi4EKfqxIMbFnvhtR6kGmdoTpK7fwxOack6wD6vGtlsf1zN-psCFFAU-hj5e174WZ2V-qqC8t4GtQXOSevHSH5kt2-TTtGaJALEDfy_NxxfH22WJIXHQ_MjTWPqR6DszX7VWpn80ek3sn1zRz5NN-c08UYjx45l67W_PsggaMgNCeQj-cNj0tx2uEfDGptM.iT6dA0c4SiPQZsJaIJLR03dOYfkE-DJJPD90yxSu4bI&dib_tag=se&keywords=laptop&qid=1754343415&sr=8-90,"Lenovo V15 83A100A5TR i5-13420H 16GB 512SSD 15.6"" FHD FreeDOS Dizüstü Bilgisayar",20909.0,15.6,,i5,8,FreeDOS,integrated
https://www.amazon.com.tr/MSI-CROSSHAIR-D2XWGKG-047XTR-Diz%C3%BCst%C3%BC-Bilgisayar/dp/B0F8NZ5XNL/ref=sr_1_92?dib=eyJ2IjoiMSJ9.Q4xAbXsRKQhSFEF-J5cjud5xf0Ykb3KKWknS3c8TpKHbztSBMtKj0kC5f46jOXijySd19iWyzbL03VmuArOhvFWnoZC74wDFMgrS-JVV-cQqhi4EKfqxIMbFnvhtR6kGmdoTpK7fwxOack6wD6vGtlsf1zN-psCFFAU-hj5e174WZ2V-qqC8t4GtQXOSevHSH5kt2-TTtGaJALEDfy_NxxfH22WJIXHQ_MjTWPqR6DszX7VWpn80ek3sn1zRz5NN-c08UYjx45l67W_PsggaMgNCeQj-cNj0tx2uEfDGptM.iT6dA0c4SiPQZsJaIJLR03dOYfkE-DJJPD90yxSu4bI&dib_tag=se&keywords=laptop&qid=1754343415&sr=8-92,"MSI CROSSHAIR 16 HX AI D2XWGKG-047XTR Dizüstü Bilgisayar, Intel Core Ultra 9 275HX, 16.0 QHD+ 240Hz, 32GB RAM DDR5, RTX5070 GDDR7 8GB, 1TB SSD, DOS",95348.0,15.6,1024.0,ultra 9,32,Windows 11,rtx5070
https://www.amazon.com.tr/Lenovo-83A10096TR-i5-13420H-FreeDOS-Notebook/dp/B0DHXKNX3F/ref=sr_1_93?dib=eyJ2IjoiMSJ9.Q4xAbXsRKQhSFEF-J5cjud5xf0Ykb3KKWknS3c8TpKHbztSBMtKj0kC5f46jOXijySd19iWyzbL03VmuArOhvFWnoZC74wDFMgrS-JVV-cQqhi4EKfqxIMbFnvhtR6kGmdoTpK7fwxOack6wD6vGtlsf1zN-psCFFAU-hj5e174WZ2V-qqC8t4GtQXOSevHSH5kt2-TTtGaJALEDfy_NxxfH22WJIXHQ_MjTWPqR6DszX7VWpn80ek3sn1zRz5NN-c08UYjx45l67W_PsggaMgNCeQj-cNj0tx2uEfDGptM.iT6dA0c4SiPQZsJaIJLR03dOYfkE-DJJPD90yxSu4bI&dib_tag=se&keywords=laptop&qid=1754343415&sr=8-93,"Lenovo V15 G4 IRU 83A10096TR i5-13420H 8 GB 512 GB SSD UHD Graphics 15.6"" Full HD Notebook",18445.0,15.6,512.0,i5,8,Windows 11,intel uhd
https://www.amazon.com.tr/ASUS-Vivobook-V3607VU-RP269W-Bilgisayar%C4%B1-Processor/dp/B0F5W6KW9M/ref=sr_1_94?dib=eyJ2IjoiMSJ9.Q4xAbXsRKQhSFEF-J5cjud5xf0Ykb3KKWknS3c8TpKHbztSBMtKj0kC5f46jOXijySd19iWyzbL03VmuArOhvFWnoZC74wDFMgrS-JVV-cQqhi4EKfqxIMbFnvhtR6kGmdoTpK7fwxOack6wD6vGtlsf1zN-psCFFAU-hj5e174WZ2V-qqC8t4GtQXOSevHSH5kt2-TTtGaJALEDfy_NxxfH22WJIXHQ_MjTWPqR6DszX7VWpn80ek3sn1zRz5NN-c08UYjx45l67W_PsggaMgNCeQj-cNj0tx2uEfDGptM.iT6dA0c4SiPQZsJaIJLR03dOYfkE-DJJPD90yxSu4bI&dib_tag=se&keywords=laptop&qid=1754343415&sr=8-94,"ASUS Vivobook 16 V3607VU-RP269W Dizüstü Bilgisayarı, Intel® Core™ 5 Processor 210H 2.2 GHz İşlemci, 16 GB DDR5, 512 GB M.2 SSD, NVIDIA GeForce RTX 4050 6 GB GDDR6, 16"" FHD, Windows 11 Home",37499.0,16.0,512.0,i5,16,Windows 11,rtx4050
https://www.amazon.com.tr/Apple-MacBook-laptop-%C3%A7ekirdekli-GPUya/dp/B0DLHW8LC6/ref=sr_1_95?dib=eyJ2IjoiMSJ9.Q4xAbXsRKQhSFEF-J5cjud5xf0Ykb3KKWknS3c8TpKHbztSBMtKj0kC5f46jOXijySd19iWyzbL03VmuArOhvFWnoZC74wDFMgrS-JVV-cQqhi4EKfqxIMbFnvhtR6kGmdoTpK7fwxOack6wD6vGtlsf1zN-psCFFAU-hj5e174WZ2V-qqC8t4GtQXOSevHSH5kt2-TTtGaJALEDfy_NxxfH22WJIXHQ_MjTWPqR6DszX7VWpn80ek3sn1zRz5NN-c08UYjx45l67W_PsggaMgNCeQj-cNj0tx2uEfDGptM.iT6dA0c4SiPQZsJaIJLR03dOYfkE-DJJPD90yxSu4bI&dib_tag=se&keywords=laptop&qid=1754343415&sr=8-95,"Apple MacBook Pro laptop, M4 çip, 10 çekirdekli CPU ve 10 çekirdekli GPU’ya sahip: 14.2 ekran Liquid Retina XDR Ekran, 16GB Birleşik Bellek, 1TB SSD Depolama; Uzay Siyahı",75999.0,14.2,1024.0,m4,8,Windows 11,integrated
https://www.amazon.com.tr/HP-Victus-Laptop-16-i7-13700H/dp/B0CHMFZXH1/ref=sr_1_99?dib=eyJ2IjoiMSJ9.Q4xAbXsRKQhSFEF-J5cjud5xf0Ykb3KKWknS3c8TpKHbztSBMtKj0kC5f46jOXijySd19iWyzbL03VmuArOhvFWnoZC74wDFMgrS-JVV-cQqhi4EKfqxIMbFnvhtR6kGmdoTpK7fwxOack6wD6vGtlsf1zN-psCFFAU-hj5e174WZ2V-qqC8t4GtQXOSevHSH5kt2-TTtGaJALEDfy_NxxfH22WJIXHQ_MjTWPqR6DszX7VWpn80ek3sn1zRz5NN-c08UYjx45l67W_PsggaMgNCeQj-cNj0tx2uEfDGptM.iT6dA0c4SiPQZsJaIJLR03dOYfkE-DJJPD90yxSu4bI&dib_tag=se&keywords=laptop&qid=1754343415&sr=8-99,HP Victus Laptop 16 - R0065NT- Intel Core i7-13700H 32GB RAM 1TB SSD NVIDIA GeForce RTX 4060 8GB 16.1 inç FHD FreeDOS Siyah 8B5Y3EA,50998.0,16.1,1024.0,i7,32,FreeDOS,rtx4060
https://www.amazon.com.tr/dp/B0DX7M34P5,"Casper Nirvana S100 16"" 300NIT Core i7-13620H 32GB DDR5 RAM 1TB NVME SSD Freedos Laptop S100.1362-DF00X-G-F",26599.0,16.0,1024.0,i7,32,FreeDOS,integrated
https://www.amazon.com.tr/dp/B0DMKJ3SD4,NPO NPM FHD 1080p IPS Type-C Taşınabilir Dizüstü Monitör Çoklayıcı Notebook Monitör (İkili),13159.0,15.6,512.0,i5,8,Windows 11,integrated
https://www.amazon.com.tr/MSI-C12MO-1039XTR-Diz%C3%BCst%C3%BC-Bilgisayar-I7-1255U/dp/B0CYLKNFHT/ref=sr_1_101?dib=eyJ2IjoiMSJ9.eSZYncP0f9zLDiA0jwosTl9yz8XuvHIEirntmAFKMguO6x-XZ5HZ04vYtVSIhXzQQvp2AasfkMezsLtNC7pgLxi3ts6qVveN90I78lHbO9J_hlv50SXEAz7q8NchFq63OXtuQqemI9Og8dBwoeLSKPYGUKSKgN7dgP90dyA5EXkanr1gwyKTM4p6O3tgSHjwTYtvZvvPF-gUg92v2CFmbrTYVgbKdwYBJ8te_pZqCKM63jMt-8G0tiFVZZZ98Gu3yS2Pj2mVPihO-ajT9KL91ZZ3SBK2njPsacpgH09x6Ig.eXwBPwkqniwzfiLqcoyxeGOrgAimfNfvD8oB36vYgYw&dib_tag=se&keywords=laptop&qid=1754343437&sr=8-101,"MSI MODERN 14 C12MO-1039XTR Dizüstü Bilgisayar, Core I7-1255U, 14.0 FHD, 16GB RAM, UMA, 512GB SSD, DOS, Siyah",21999.0,15.6,512.0,i7,16,Windows 11,integrated
https://www.amazon.com.tr/Dell-N3404PVNB3530U11-i5-1334U-Diz%C3%BCst%C3%BC-Bilgisayar-CNT012/dp/B0DL344VYN/ref=sr_1_102?dib=eyJ2IjoiMSJ9.eSZYncP0f9zLDiA0jwosTl9yz8XuvHIEirntmAFKMguO6x-XZ5HZ04vYtVSIhXzQQvp2AasfkMezsLtNC7pgLxi3ts6qVveN90I78lHbO9J_hlv50SXEAz7q8NchFq63OXtuQqemI9Og8dBwoeLSKPYGUKSKgN7dgP90dyA5EXkanr1gwyKTM4p6O3tgSHjwTYtvZvvPF-gUg92v2CFmbrTYVgbKdwYBJ8te_pZqCKM63jMt-8G0tiFVZZZ98Gu3yS2Pj2mVPihO-ajT9KL91ZZ3SBK2njPsacpgH09x6Ig.eXwBPwkqniwzfiLqcoyxeGOrgAimfNfvD8oB36vYgYw&dib_tag=se&keywords=laptop&qid=1754343437&sr=8-102,Dell Vostro 3530 N3404PVNB3530U11 i5-1334U 32GB 1TBSSD 15.6 FHD W11P Dizüstü Bilgisayar-CNT012,24009.0,15.6,1024.0,celeron,8,Windows 11,integrated
https://www.amazon.com.tr/HP-16-R1033NT-i7-14700HX-GeForce-9J235EA/dp/B0CT5M1YGZ/ref=sr_1_107?dib=eyJ2IjoiMSJ9.eSZYncP0f9zLDiA0jwosTl9yz8XuvHIEirntmAFKMguO6x-XZ5HZ04vYtVSIhXzQQvp2AasfkMezsLtNC7pgLxi3ts6qVveN90I78lHbO9J_hlv50SXEAz7q8NchFq63OXtuQqemI9Og8dBwoeLSKPYGUKSKgN7dgP90dyA5EXkanr1gwyKTM4p6O3tgSHjwTYtvZvvPF-gUg92v2CFmbrTYVgbKdwYBJ8te_pZqCKM63jMt-8G0tiFVZZZ98Gu3yS2Pj2mVPihO-ajT9KL91ZZ3SBK2njPsacpgH09x6Ig.eXwBPwkqniwzfiLqcoyxeGOrgAimfNfvD8oB36vYgYw&dib_tag=se&keywords=laptop&qid=1754343437&sr=8-107,HP Victus Laptop 16-R1033NT Intel Core i7-14700HX 32GB RAM 1TB SSD 8GB NVIDIA GeForce RTX4060 16.1 inç FHD 144Hz FreeDOS Mavi 9J235EA,55999.0,16.1,1024.0,i7,32,FreeDOS,rtx4060
https://www.amazon.com.tr/ASUS-K3605VC-RP468W-Bilgisayar%C4%B1-i5-13420H-Processor/dp/B0F5VYV64X/ref=sr_1_109?dib=eyJ2IjoiMSJ9.eSZYncP0f9zLDiA0jwosTl9yz8XuvHIEirntmAFKMguO6x-XZ5HZ04vYtVSIhXzQQvp2AasfkMezsLtNC7pgLxi3ts6qVveN90I78lHbO9J_hlv50SXEAz7q8NchFq63OXtuQqemI9Og8dBwoeLSKPYGUKSKgN7dgP90dyA5EXkanr1gwyKTM4p6O3tgSHjwTYtvZvvPF-gUg92v2CFmbrTYVgbKdwYBJ8te_pZqCKM63jMt-8G0tiFVZZZ98Gu3yS2Pj2mVPihO-ajT9KL91ZZ3SBK2njPsacpgH09x6Ig.eXwBPwkqniwzfiLqcoyxeGOrgAimfNfvD8oB36vYgYw&dib_tag=se&keywords=laptop&qid=1754343437&sr=8-109,"ASUS Vivobook 16X K3605VC-RP468W Dizüstü Bilgisayarı, Intel® Core™ i5-13420H Processor 2.1 GHz İşlemci, 16 GB DDR4, 512 GB M.2 SSD, NVIDIA GeForce RTX 3050 4 GB GDDR6, 16"" FHD, Windows 11 Home",31599.0,16.0,512.0,i5,16,Windows 11,rtx3050
https://www.amazon.com.tr/Vivobook-X1504VA-NJ412-i7-1355U-FreeDOS-Bilgisayar/dp/B0CN3MGT6N/ref=sr_1_111?dib=eyJ2IjoiMSJ9.eSZYncP0f9zLDiA0jwosTl9yz8XuvHIEirntmAFKMguO6x-XZ5HZ04vYtVSIhXzQQvp2AasfkMezsLtNC7pgLxi3ts6qVveN90I78lHbO9J_hlv50SXEAz7q8NchFq63OXtuQqemI9Og8dBwoeLSKPYGUKSKgN7dgP90dyA5EXkanr1gwyKTM4p6O3tgSHjwTYtvZvvPF-gUg92v2CFmbrTYVgbKdwYBJ8te_pZqCKM63jMt-8G0tiFVZZZ98Gu3yS2Pj2mVPihO-ajT9KL91ZZ3SBK2njPsacpgH09x6Ig.eXwBPwkqniwzfiLqcoyxeGOrgAimfNfvD8oB36vYgYw&dib_tag=se&keywords=laptop&qid=1754343437&sr=8-111,"ASUS Vivobook 15 X1504VA-NJ412 Dizüstü Bilgisayar, Intel Core i7-1355U 8GB 512GB SSD 15.6"" FullHD, FreeDOS",21599.0,15.6,512.0,i7,8,FreeDOS,integrated
https://www.amazon.com.tr/Lenovo-i7-13650HX-Ta%C5%9F%C4%B1nabilir-Bilgisayar-83DV011GTR/dp/B0DXF9PQSN/ref=sr_1_112?dib=eyJ2IjoiMSJ9.eSZYncP0f9zLDiA0jwosTl9yz8XuvHIEirntmAFKMguO6x-XZ5HZ04vYtVSIhXzQQvp2AasfkMezsLtNC7pgLxi3ts6qVveN90I78lHbO9J_hlv50SXEAz7q8NchFq63OXtuQqemI9Og8dBwoeLSKPYGUKSKgN7dgP90dyA5EXkanr1gwyKTM4p6O3tgSHjwTYtvZvvPF-gUg92v2CFmbrTYVgbKdwYBJ8te_pZqCKM63jMt-8G0tiFVZZZ98Gu3yS2Pj2mVPihO-ajT9KL91ZZ3SBK2njPsacpgH09x6Ig.eXwBPwkqniwzfiLqcoyxeGOrgAimfNfvD8oB36vYgYw&dib_tag=se&keywords=laptop&qid=1754343437&sr=8-112,"Lenovo LOQ 15IRX9 Intel Core i7-13650HX 12GB 1TB SSD 8GB NVIDIA GeForce RTX 4060 (115W) 15.6"" FHD IPS Panel Freedos Taşınabilir Dizüstü Bilgisayar 83DV011GTR",50999.0,15.6,1024.0,i7,8,FreeDOS,rtx4060
https://www.amazon.com.tr/HP-Bilgisayar-i5-14500HX-Performans-9J207EA/dp/B0CQRN9TQ5/ref=sr_1_114?dib=eyJ2IjoiMSJ9.eSZYncP0f9zLDiA0jwosTl9yz8XuvHIEirntmAFKMguO6x-XZ5HZ04vYtVSIhXzQQvp2AasfkMezsLtNC7pgLxi3ts6qVveN90I78lHbO9J_hlv50SXEAz7q8NchFq63OXtuQqemI9Og8dBwoeLSKPYGUKSKgN7dgP90dyA5EXkanr1gwyKTM4p6O3tgSHjwTYtvZvvPF-gUg92v2CFmbrTYVgbKdwYBJ8te_pZqCKM63jMt-8G0tiFVZZZ98Gu3yS2Pj2mVPihO-ajT9KL91ZZ3SBK2njPsacpgH09x6Ig.eXwBPwkqniwzfiLqcoyxeGOrgAimfNfvD8oB36vYgYw&dib_tag=se&keywords=laptop&qid=1754343437&sr=8-114,"HP Victus Gaming Dizüstü Bilgisayar, 16,1 inç 144 Hz FHD IPS, Intel Core i5-14500HX, 16GB DDR5 Ram, NVIDIA GeForce RTX 4050 DLSS 3, 1 TB SSD, FreeDos, Performans Mavi, 9J207EA",39950.0,15.6,1024.0,i5,16,FreeDOS,rtx4050
https://www.amazon.com.tr/ASUS-Zenbook-UX3405CA-QL571W-Diz%C3%BCst%C3%BC-Bilgisayar/dp/B0F9B2V6KF/ref=sr_1_115?dib=eyJ2IjoiMSJ9.eSZYncP0f9zLDiA0jwosTl9yz8XuvHIEirntmAFKMguO6x-XZ5HZ04vYtVSIhXzQQvp2AasfkMezsLtNC7pgLxi3ts6qVveN90I78lHbO9J_hlv50SXEAz7q8NchFq63OXtuQqemI9Og8dBwoeLSKPYGUKSKgN7dgP90dyA5EXkanr1gwyKTM4p6O3tgSHjwTYtvZvvPF-gUg92v2CFmbrTYVgbKdwYBJ8te_pZqCKM63jMt-8G0tiFVZZZ98Gu3yS2Pj2mVPihO-ajT9KL91ZZ3SBK2njPsacpgH09x6Ig.eXwBPwkqniwzfiLqcoyxeGOrgAimfNfvD8oB36vYgYw&dib_tag=se&keywords=laptop&qid=1754343437&sr=8-115,"ASUS Zenbook 14 UX3405CA-QL571W Dizüstü Bilgisayar, Intel Core Ultra 7 255H,16GB RAM, 512GB SSD, 14"", W11",51299.0,14.0,512.0,ultra 7,16,Windows 11,integrated
https://www.amazon.com.tr/HP-2880x1800-Dokunmatik-Touchscreen-B46ZGEA/dp/B0DR2S2XT5/ref=sr_1_116?dib=eyJ2IjoiMSJ9.eSZYncP0f9zLDiA0jwosTl9yz8XuvHIEirntmAFKMguO6x-XZ5HZ04vYtVSIhXzQQvp2AasfkMezsLtNC7pgLxi3ts6qVveN90I78lHbO9J_hlv50SXEAz7q8NchFq63OXtuQqemI9Og8dBwoeLSKPYGUKSKgN7dgP90dyA5EXkanr1gwyKTM4p6O3tgSHjwTYtvZvvPF-gUg92v2CFmbrTYVgbKdwYBJ8te_pZqCKM63jMt-8G0tiFVZZZ98Gu3yS2Pj2mVPihO-ajT9KL91ZZ3SBK2njPsacpgH09x6Ig.eXwBPwkqniwzfiLqcoyxeGOrgAimfNfvD8oB36vYgYw&dib_tag=se&keywords=laptop&qid=1754343437&sr=8-116,"HP OmniBook Ultra Flip X360 Laptop, 14 inç 2.8K 2880x1800 OLED 400 Nits 120 Hz Dokunmatik/Touchscreen, Intel® Core™ Ultra 7 256V, 16 GB Ram, Intel Arc Graphics, 1 TB SSD, Windows 11, B46ZGEA",57999.0,14.0,1024.0,ultra 7,16,Windows 11,intel arc
https://www.amazon.com.tr/dp/B0CX249NFV,Dell Vostro 3530 N1601PVNB3530U09 i7-1355U 16GB 512SSD 15.6 FHD W11P Dizüstü Bilgisayar-CNT010,25299.0,15.6,,celeron,8,Windows 11,integrated
https://www.amazon.com.tr/dp/B0DL344VYN,Dell Vostro 3530 N3404PVNB3530U11 i5-1334U 32GB 1TBSSD 15.6 FHD W11P Dizüstü Bilgisayar-CNT012,24009.0,15.6,1024.0,celeron,8,Windows 11,integrated
https://www.amazon.com.tr/ASUS-FA608PM-RV010-Diz%C3%BCst%C3%BC-Bilgisayar-Processor/dp/B0FFHD3ZJB/ref=sr_1_121?dib=eyJ2IjoiMSJ9.eSZYncP0f9zLDiA0jwosTl9yz8XuvHIEirntmAFKMguO6x-XZ5HZ04vYtVSIhXzQQvp2AasfkMezsLtNC7pgLxi3ts6qVveN90I78lHbO9J_hlv50SXEAz7q8NchFq63OXtuQqemI9Og8dBwoeLSKPYGUKSKgN7dgP90dyA5EXkanr1gwyKTM4p6O3tgSHjwTYtvZvvPF-gUg92v2CFmbrTYVgbKdwYBJ8te_pZqCKM63jMt-8G0tiFVZZZ98Gu3yS2Pj2mVPihO-ajT9KL91ZZ3SBK2njPsacpgH09x6Ig.eXwBPwkqniwzfiLqcoyxeGOrgAimfNfvD8oB36vYgYw&dib_tag=se&keywords=laptop&qid=1754343437&sr=8-121,"ASUS TUF Gaming F16 FA608PM-RV010 Gaming Dizüstü Bilgisayar, AMD Ryzen™ 9 8940HX Processor 2.4GHz İşlemci,16GB DDR5 RAM, 1TB SSD, NVIDIA® GeForce RTX™ 5060 Laptop GPU 8GB DDR7,16” FHD,FreeDOS",65999.0,15.6,1024.0,ryzen 9,16,FreeDOS,rtx5060
https://www.amazon.com.tr/ASUS-Diz%C3%BCst%C3%BC-Bilgisayar%C4%B1-Processor-DDR5-4800/dp/B0FFQ6CTY9/ref=sr_1_122?dib=eyJ2IjoiMSJ9.eSZYncP0f9zLDiA0jwosTl9yz8XuvHIEirntmAFKMguO6x-XZ5HZ04vYtVSIhXzQQvp2AasfkMezsLtNC7pgLxi3ts6qVveN90I78lHbO9J_hlv50SXEAz7q8NchFq63OXtuQqemI9Og8dBwoeLSKPYGUKSKgN7dgP90dyA5EXkanr1gwyKTM4p6O3tgSHjwTYtvZvvPF-gUg92v2CFmbrTYVgbKdwYBJ8te_pZqCKM63jMt-8G0tiFVZZZ98Gu3yS2Pj2mVPihO-ajT9KL91ZZ3SBK2njPsacpgH09x6Ig.eXwBPwkqniwzfiLqcoyxeGOrgAimfNfvD8oB36vYgYw&dib_tag=se&keywords=laptop&qid=1754343437&sr=8-122,"ASUS TUF Gaming A15 Dizüstü Bilgisayarı, AMD Ryzen™ 5 7535HS Processor 3.3GHz İşlemci, 16GB DDR5-4800, 512GB PCIe® 4.0 NVMe™ M.2 SSD,NVIDIA® GeForce RTX™ 4060 8GB, 15.6"" FHD, Windows 11 Home",49999.0,15.6,,ryzen 5,16,Windows 11,rtx4060
https://www.amazon.com.tr/Nitro-13420H-4050-6GB-FreeDos-Notebook/dp/B0DJW2LC2N/ref=sr_1_126?dib=eyJ2IjoiMSJ9.eSZYncP0f9zLDiA0jwosTl9yz8XuvHIEirntmAFKMguO6x-XZ5HZ04vYtVSIhXzQQvp2AasfkMezsLtNC7pgLxi3ts6qVveN90I78lHbO9J_hlv50SXEAz7q8NchFq63OXtuQqemI9Og8dBwoeLSKPYGUKSKgN7dgP90dyA5EXkanr1gwyKTM4p6O3tgSHjwTYtvZvvPF-gUg92v2CFmbrTYVgbKdwYBJ8te_pZqCKM63jMt-8G0tiFVZZZ98Gu3yS2Pj2mVPihO-ajT9KL91ZZ3SBK2njPsacpgH09x6Ig.eXwBPwkqniwzfiLqcoyxeGOrgAimfNfvD8oB36vYgYw&dib_tag=se&keywords=laptop&qid=1754343437&sr=8-126,"Acer Nitro V 15 Intel Core i5 13420H 8GB DDR5 RAM 512GB M.2 SSD RTX 4050-6GB FreeDos 15.6"" FHD IPS Notebook",29999.0,15.6,512.0,i5,512,FreeDOS,rtx4050
https://www.amazon.com.tr/MSI-B14WGK-048XTR-Diz%C3%BCst%C3%BC-Bilgisayar-I9-14900HX/dp/B0FBX2KW6F/ref=sr_1_128?dib=eyJ2IjoiMSJ9.eSZYncP0f9zLDiA0jwosTl9yz8XuvHIEirntmAFKMguO6x-XZ5HZ04vYtVSIhXzQQvp2AasfkMezsLtNC7pgLxi3ts6qVveN90I78lHbO9J_hlv50SXEAz7q8NchFq63OXtuQqemI9Og8dBwoeLSKPYGUKSKgN7dgP90dyA5EXkanr1gwyKTM4p6O3tgSHjwTYtvZvvPF-gUg92v2CFmbrTYVgbKdwYBJ8te_pZqCKM63jMt-8G0tiFVZZZ98Gu3yS2Pj2mVPihO-ajT9KL91ZZ3SBK2njPsacpgH09x6Ig.eXwBPwkqniwzfiLqcoyxeGOrgAimfNfvD8oB36vYgYw&dib_tag=se&keywords=laptop&qid=1754343437&sr=8-128,"MSI KATANA 17 HX B14WGK-048XTR Dizüstü Bilgisayar, Intel Core I9-14900HX, 17.3 QHD 240Hz, 32GB DDR5, RTX5070 GDDR7 8GB, 1TB SSD, DOS",96599.0,15.6,1024.0,ryzen 7,32,Windows 11,rtx5070
https://www.amazon.com.tr/Lenovo-i7-13650HX-Ta%C5%9F%C4%B1nabilir-Bilgisayar-83DV011ATR/dp/B0DX7GDGVG/ref=sr_1_129?dib=eyJ2IjoiMSJ9.eSZYncP0f9zLDiA0jwosTl9yz8XuvHIEirntmAFKMguO6x-XZ5HZ04vYtVSIhXzQQvp2AasfkMezsLtNC7pgLxi3ts6qVveN90I78lHbO9J_hlv50SXEAz7q8NchFq63OXtuQqemI9Og8dBwoeLSKPYGUKSKgN7dgP90dyA5EXkanr1gwyKTM4p6O3tgSHjwTYtvZvvPF-gUg92v2CFmbrTYVgbKdwYBJ8te_pZqCKM63jMt-8G0tiFVZZZ98Gu3yS2Pj2mVPihO-ajT9KL91ZZ3SBK2njPsacpgH09x6Ig.eXwBPwkqniwzfiLqcoyxeGOrgAimfNfvD8oB36vYgYw&dib_tag=se&keywords=laptop&qid=1754343437&sr=8-129,"Lenovo LOQ 15IRX9 Intel Core i7-13650HX 8GB 512GB SSD 6GB NVIDIA GeForce RTX 3050 (95W) 15.6"" FHD IPS Panel Freedos Taşınabilir Dizüstü Bilgisayar 83DV011ATR",37699.0,15.6,512.0,i7,8,FreeDOS,rtx3050
https://www.amazon.com.tr/HP-EliteBook-5N4Q5EA04-Diz%C3%BCst%C3%BC-Bilgisayar/dp/B0DXQBV2PK/ref=sr_1_130?dib=eyJ2IjoiMSJ9.eSZYncP0f9zLDiA0jwosTl9yz8XuvHIEirntmAFKMguO6x-XZ5HZ04vYtVSIhXzQQvp2AasfkMezsLtNC7pgLxi3ts6qVveN90I78lHbO9J_hlv50SXEAz7q8NchFq63OXtuQqemI9Og8dBwoeLSKPYGUKSKgN7dgP90dyA5EXkanr1gwyKTM4p6O3tgSHjwTYtvZvvPF-gUg92v2CFmbrTYVgbKdwYBJ8te_pZqCKM63jMt-8G0tiFVZZZ98Gu3yS2Pj2mVPihO-ajT9KL91ZZ3SBK2njPsacpgH09x6Ig.eXwBPwkqniwzfiLqcoyxeGOrgAimfNfvD8oB36vYgYw&dib_tag=se&keywords=laptop&qid=1754343437&sr=8-130,"HP EliteBook 655 G9 5N4Q5EA04 Ryzen5 5675U 16GB 1TBSSD 15.6"" FHD W11P Dizüstü Bilgisayar",26999.0,15.6,1024.0,ryzen 5,8,Windows 11,integrated
https://www.amazon.com.tr/Lenovo-i5-12450HX-FreeDOS-Bilgisayar-83LK008KTR/dp/B0FFHFWNNS/ref=sr_1_131?dib=eyJ2IjoiMSJ9.eSZYncP0f9zLDiA0jwosTl9yz8XuvHIEirntmAFKMguO6x-XZ5HZ04vYtVSIhXzQQvp2AasfkMezsLtNC7pgLxi3ts6qVveN90I78lHbO9J_hlv50SXEAz7q8NchFq63OXtuQqemI9Og8dBwoeLSKPYGUKSKgN7dgP90dyA5EXkanr1gwyKTM4p6O3tgSHjwTYtvZvvPF-gUg92v2CFmbrTYVgbKdwYBJ8te_pZqCKM63jMt-8G0tiFVZZZ98Gu3yS2Pj2mVPihO-ajT9KL91ZZ3SBK2njPsacpgH09x6Ig.eXwBPwkqniwzfiLqcoyxeGOrgAimfNfvD8oB36vYgYw&dib_tag=se&keywords=laptop&qid=1754343437&sr=8-131,"Lenovo LOQ i5-12450HX 16GB RAM, 512GB SSD, 15.6 inç FHD IPS, RTX 3050 6GB GDDR6 FreeDOS Dizüstü Bilgisayar, 83LK008KTR",29599.0,15.6,512.0,i5,16,FreeDOS,rtx3050
https://www.amazon.com.tr/HP-Diz%C3%BCst%C3%BC-Bilgisayar-GeForce-7Z591EA/dp/B0C85K2TP8/ref=sr_1_132?dib=eyJ2IjoiMSJ9.eSZYncP0f9zLDiA0jwosTl9yz8XuvHIEirntmAFKMguO6x-XZ5HZ04vYtVSIhXzQQvp2AasfkMezsLtNC7pgLxi3ts6qVveN90I78lHbO9J_hlv50SXEAz7q8NchFq63OXtuQqemI9Og8dBwoeLSKPYGUKSKgN7dgP90dyA5EXkanr1gwyKTM4p6O3tgSHjwTYtvZvvPF-gUg92v2CFmbrTYVgbKdwYBJ8te_pZqCKM63jMt-8G0tiFVZZZ98Gu3yS2Pj2mVPihO-ajT9KL91ZZ3SBK2njPsacpgH09x6Ig.eXwBPwkqniwzfiLqcoyxeGOrgAimfNfvD8oB36vYgYw&dib_tag=se&keywords=laptop&qid=1754343437&sr=8-132,"HP Victus Gaming Dizüstü Bilgisayar, 16,1 inç 144 Hz FHD IPS, AMD Ryzen 5 7640HS, 16GB Ram, NVIDIA GeForce RTX 4050, 1 TB SSD, FreeDos, Mika Gümüş, 7Z591EA",36999.0,15.6,1024.0,ryzen 5,16,FreeDOS,rtx4050
https://www.amazon.com.tr/ASUS-Vivobook-Bilgisayar%C4%B1-Processor-Graphics/dp/B0F8HC4QCZ/ref=sr_1_133?dib=eyJ2IjoiMSJ9.eSZYncP0f9zLDiA0jwosTl9yz8XuvHIEirntmAFKMguO6x-XZ5HZ04vYtVSIhXzQQvp2AasfkMezsLtNC7pgLxi3ts6qVveN90I78lHbO9J_hlv50SXEAz7q8NchFq63OXtuQqemI9Og8dBwoeLSKPYGUKSKgN7dgP90dyA5EXkanr1gwyKTM4p6O3tgSHjwTYtvZvvPF-gUg92v2CFmbrTYVgbKdwYBJ8te_pZqCKM63jMt-8G0tiFVZZZ98Gu3yS2Pj2mVPihO-ajT9KL91ZZ3SBK2njPsacpgH09x6Ig.eXwBPwkqniwzfiLqcoyxeGOrgAimfNfvD8oB36vYgYw&dib_tag=se&keywords=laptop&qid=1754343437&sr=8-133,"ASUS Vivobook S 14 Dizüstü Bilgisayarı, AMD Ryzen AI 7 350 Processor 2.0 GHz İşlemci, 24GB LPDDR5X, 512GB M.2 NVMe PCIe 4.0 SSD, AMD Radeon Graphics, 14 inç OLED, Windows 11 Home",45999.0,14.0,512.0,ryzen 7,24,Windows 11,integrated
https://www.amazon.com.tr/ASUS-Zephyrus-Diz%C3%BCst%C3%BC-Bilgisayar%C4%B1-Processor/dp/B09BJQYB7B/ref=sr_1_135?dib=eyJ2IjoiMSJ9.eSZYncP0f9zLDiA0jwosTl9yz8XuvHIEirntmAFKMguO6x-XZ5HZ04vYtVSIhXzQQvp2AasfkMezsLtNC7pgLxi3ts6qVveN90I78lHbO9J_hlv50SXEAz7q8NchFq63OXtuQqemI9Og8dBwoeLSKPYGUKSKgN7dgP90dyA5EXkanr1gwyKTM4p6O3tgSHjwTYtvZvvPF-gUg92v2CFmbrTYVgbKdwYBJ8te_pZqCKM63jMt-8G0tiFVZZZ98Gu3yS2Pj2mVPihO-ajT9KL91ZZ3SBK2njPsacpgH09x6Ig.eXwBPwkqniwzfiLqcoyxeGOrgAimfNfvD8oB36vYgYw&dib_tag=se&keywords=laptop&qid=1754343437&sr=8-135,"ASUS ROG Zephyrus G14 Dizüstü Bilgisayarı, AMD Ryzen 9 270 Processor 4.0GHz, 16GB LPDDR5X 7500, 1TB PCIe 4.0 NVMe M.2 SSD,NVIDIA Geforce RTX 5050, 14 inç 3K WQXGA+(WQ+), Windows 11 Home",91717.0,14.0,1024.0,ryzen 9,16,Windows 11,rtx5050
https://www.amazon.com.tr/Dell-Vostro-i7-1355U-Freedos-N1601PVNB3530U/dp/B0DTJ64627/ref=sr_1_136?dib=eyJ2IjoiMSJ9.eSZYncP0f9zLDiA0jwosTl9yz8XuvHIEirntmAFKMguO6x-XZ5HZ04vYtVSIhXzQQvp2AasfkMezsLtNC7pgLxi3ts6qVveN90I78lHbO9J_hlv50SXEAz7q8NchFq63OXtuQqemI9Og8dBwoeLSKPYGUKSKgN7dgP90dyA5EXkanr1gwyKTM4p6O3tgSHjwTYtvZvvPF-gUg92v2CFmbrTYVgbKdwYBJ8te_pZqCKM63jMt-8G0tiFVZZZ98Gu3yS2Pj2mVPihO-ajT9KL91ZZ3SBK2njPsacpgH09x6Ig.eXwBPwkqniwzfiLqcoyxeGOrgAimfNfvD8oB36vYgYw&dib_tag=se&keywords=laptop&qid=1754343437&sr=8-136,Dell Vostro 3530 i7-1355U 32GB 512GB SSD 15.6 FHD 120Hz Freedos Laptop N1601PVNB3530U 002,27499.0,15.6,512.0,celeron,8,FreeDOS,integrated
https://www.amazon.com.tr/HP-Diz%C3%BCst%C3%BC-Bilgisayar-7-7840HS-7Z577EA/dp/B0CNKCQNNL/ref=sr_1_140?dib=eyJ2IjoiMSJ9.eSZYncP0f9zLDiA0jwosTl9yz8XuvHIEirntmAFKMguO6x-XZ5HZ04vYtVSIhXzQQvp2AasfkMezsLtNC7pgLxi3ts6qVveN90I78lHbO9J_hlv50SXEAz7q8NchFq63OXtuQqemI9Og8dBwoeLSKPYGUKSKgN7dgP90dyA5EXkanr1gwyKTM4p6O3tgSHjwTYtvZvvPF-gUg92v2CFmbrTYVgbKdwYBJ8te_pZqCKM63jMt-8G0tiFVZZZ98Gu3yS2Pj2mVPihO-ajT9KL91ZZ3SBK2njPsacpgH09x6Ig.eXwBPwkqniwzfiLqcoyxeGOrgAimfNfvD8oB36vYgYw&dib_tag=se&keywords=laptop&qid=1754343437&sr=8-140,"HP Victus Gaming Dizüstü Bilgisayar, 16,1 inç 144 Hz FHD IPS, AMD Ryzen 7-7840HS, 16 GB DDR5 RAM, 512 GB SSD, NVIDIA GeForce RTX 4060, FreeDos, Mika Gümüşü, 7Z577EA",42999.0,15.6,512.0,ryzen 7,16,FreeDOS,rtx4060
https://www.amazon.com.tr/ASUS-Zenbook-UM3406HA-QD098-Ta%C5%9F%C4%B1nabilir-Bilgisayar/dp/B0DJTCZ3HL/ref=sr_1_141?dib=eyJ2IjoiMSJ9.eSZYncP0f9zLDiA0jwosTl9yz8XuvHIEirntmAFKMguO6x-XZ5HZ04vYtVSIhXzQQvp2AasfkMezsLtNC7pgLxi3ts6qVveN90I78lHbO9J_hlv50SXEAz7q8NchFq63OXtuQqemI9Og8dBwoeLSKPYGUKSKgN7dgP90dyA5EXkanr1gwyKTM4p6O3tgSHjwTYtvZvvPF-gUg92v2CFmbrTYVgbKdwYBJ8te_pZqCKM63jMt-8G0tiFVZZZ98Gu3yS2Pj2mVPihO-ajT9KL91ZZ3SBK2njPsacpgH09x6Ig.eXwBPwkqniwzfiLqcoyxeGOrgAimfNfvD8oB36vYgYw&dib_tag=se&keywords=laptop&qid=1754343437&sr=8-141,"ASUS Zenbook 14 UM3406HA-QD098 AMD Ryzen 7 8840HS 16GB 1TB SSD 14"" FHD (1920 x 1200) OLED Freedos Taşınabilir Dizüstü Bilgisayar",46999.0,14.0,1024.0,ryzen 7,8,FreeDOS,integrated
https://www.amazon.com.tr/HP-9G1E6ET14-i7-1355U-Diz%C3%BCst%C3%BC-Bilgisayar-CNT015/dp/B0DM9HW1MZ/ref=sr_1_142?dib=eyJ2IjoiMSJ9.eSZYncP0f9zLDiA0jwosTl9yz8XuvHIEirntmAFKMguO6x-XZ5HZ04vYtVSIhXzQQvp2AasfkMezsLtNC7pgLxi3ts6qVveN90I78lHbO9J_hlv50SXEAz7q8NchFq63OXtuQqemI9Og8dBwoeLSKPYGUKSKgN7dgP90dyA5EXkanr1gwyKTM4p6O3tgSHjwTYtvZvvPF-gUg92v2CFmbrTYVgbKdwYBJ8te_pZqCKM63jMt-8G0tiFVZZZ98Gu3yS2Pj2mVPihO-ajT9KL91ZZ3SBK2njPsacpgH09x6Ig.eXwBPwkqniwzfiLqcoyxeGOrgAimfNfvD8oB36vYgYw&dib_tag=se&keywords=laptop&qid=1754343437&sr=8-142,"HP 250 G10 9G1E6ET14 i7-1355U 32GB 1TBSSD 15.6"" FHD W11P Dizüstü Bilgisayar-CNT015",31899.0,15.6,1024.0,i7,8,Windows 11,integrated
https://www.amazon.com.tr/HP-Diz%C3%BCst%C3%BC-Bilgisayar-Performans-7Z590EA/dp/B0C85JQYQ6/ref=sr_1_143?dib=eyJ2IjoiMSJ9.eSZYncP0f9zLDiA0jwosTl9yz8XuvHIEirntmAFKMguO6x-XZ5HZ04vYtVSIhXzQQvp2AasfkMezsLtNC7pgLxi3ts6qVveN90I78lHbO9J_hlv50SXEAz7q8NchFq63OXtuQqemI9Og8dBwoeLSKPYGUKSKgN7dgP90dyA5EXkanr1gwyKTM4p6O3tgSHjwTYtvZvvPF-gUg92v2CFmbrTYVgbKdwYBJ8te_pZqCKM63jMt-8G0tiFVZZZ98Gu3yS2Pj2mVPihO-ajT9KL91ZZ3SBK2njPsacpgH09x6Ig.eXwBPwkqniwzfiLqcoyxeGOrgAimfNfvD8oB36vYgYw&dib_tag=se&keywords=laptop&qid=1754343437&sr=8-143,"HP Victus Gaming Dizüstü Bilgisayar, 16,1 inç 144 Hz FHD IPS, AMD Ryzen 5 7640HS, 16GB Ram, NVIDIA GeForce RTX 4060 DLSS 3, 512 GB SSD, FreeDos, Performans Mavi, 7Z590EA",39999.0,15.6,512.0,ryzen 5,16,FreeDOS,rtx4060
https://www.amazon.com.tr/Excalibur-G870-1342-BVA0X-B-i5-13420H-RTX4050-Freedos/dp/B0DXD2H75B/ref=sr_1_147?dib=eyJ2IjoiMSJ9.eSZYncP0f9zLDiA0jwosTl9yz8XuvHIEirntmAFKMguO6x-XZ5HZ04vYtVSIhXzQQvp2AasfkMezsLtNC7pgLxi3ts6qVveN90I78lHbO9J_hlv50SXEAz7q8NchFq63OXtuQqemI9Og8dBwoeLSKPYGUKSKgN7dgP90dyA5EXkanr1gwyKTM4p6O3tgSHjwTYtvZvvPF-gUg92v2CFmbrTYVgbKdwYBJ8te_pZqCKM63jMt-8G0tiFVZZZ98Gu3yS2Pj2mVPihO-ajT9KL91ZZ3SBK2njPsacpgH09x6Ig.eXwBPwkqniwzfiLqcoyxeGOrgAimfNfvD8oB36vYgYw&dib_tag=se&keywords=laptop&qid=1754343437&sr=8-147,Casper Excalibur G870.1342-BVA0X-B Intel Core i5-13420H 16GB RAM 500GB NVME SSD 6GB RTX4050 Freedos Gaming Laptop,34999.0,15.6,500.0,i5,16,FreeDOS,rtx4050
https://www.amazon.com.tr/MSI-A2XWJG-272TR-Diz%C3%BCst%C3%BC-Bilgisayar-MINILED/dp/B097275F2C/ref=sr_1_150?dib=eyJ2IjoiMSJ9.eSZYncP0f9zLDiA0jwosTl9yz8XuvHIEirntmAFKMguO6x-XZ5HZ04vYtVSIhXzQQvp2AasfkMezsLtNC7pgLxi3ts6qVveN90I78lHbO9J_hlv50SXEAz7q8NchFq63OXtuQqemI9Og8dBwoeLSKPYGUKSKgN7dgP90dyA5EXkanr1gwyKTM4p6O3tgSHjwTYtvZvvPF-gUg92v2CFmbrTYVgbKdwYBJ8te_pZqCKM63jMt-8G0tiFVZZZ98Gu3yS2Pj2mVPihO-ajT9KL91ZZ3SBK2njPsacpgH09x6Ig.eXwBPwkqniwzfiLqcoyxeGOrgAimfNfvD8oB36vYgYw&dib_tag=se&keywords=laptop&qid=1754343437&sr=8-150,"MSI NB TITAN 18 HX DRAGON EDITION NORSE MYTH A2XWJG-272TR, Dizüstü Bilgisayar, ULTRA 9 285HX, 18.0 UHD+ MINILED 120Hz, 96GB RAM DDR5, RTX5090 GDDR7 24GB, 6TB SSD, Windows 11 Pro",377884.0,15.6,6144.0,ultra 9,96,Windows 11,rtx5090
